A,A_dual,I,I_dual,alpha,ax,az,mx,mz,source,tau_x,tau_z,vx,vz
0.9270152611502824,-0.8470554438352792,0.07188308936939353,-0.4281169106306065,2.0,0.08,1,0.18655886995577553,0.1300702154370823,empirical,0.9994977164375403,1,0.8129388464817647,0.8699297845629177
0.9470799440267896,-0.7871603093967832,0.13177822380788956,-0.36822177619211044,2.0,0.16,1,0.3075135351228092,0.2214349380207139,empirical,0.9994977164375403,1,0.691984181314731,0.7785650619792861
0.9753042882196961,-0.7354248362746865,0.18351369692998626,-0.31648630307001374,2.0,0.24,1,0.39373766828594237,0.29076482311276697,empirical,0.9994977164375403,1,0.6057600481515979,0.709235176887233
1.0095227534857079,-0.6896834842256949,0.2292550489789778,-0.2707449510210222,2.0,0.32,1,0.45894407731119147,0.3459543290408633,empirical,0.9994977164375403,1,0.5405536391263488,0.6540456709591367
1.0483685746079112,-0.6485694880328952,0.27036904517177757,-0.22963095482822243,2.0,0.4,1,0.5103034767260393,0.39135539176920076,empirical,0.9994977164375403,1,0.489194239711501,0.6086446082307992
1.0909144939882875,-0.6111555900982683,0.30778294310640447,-0.19221705689359553,2.0,0.48,1,0.5519830051999347,0.4296141227881013,empirical,0.9994977164375403,1,0.44751471123760556,0.5703858772118987
1.1364980570949492,-0.5767793358899266,0.34215919731474603,-0.15784080268525397,2.0,0.56,1,0.5865918726206896,0.46245454507487294,empirical,0.9994977164375403,1,0.41290584381685075,0.5375454549251271
1.1846271680234848,-0.544948629503459,0.3739899037012138,-0.12601009629878618,2.0,0.64,1,0.6158575809476572,0.4910593734270503,empirical,0.9994977164375403,1,0.383640135489883,0.5089406265729497
1.234924934272169,-0.5152865784371401,0.40365195476753263,-0.09634804523246737,2.0,0.72,1,0.640974685948664,0.5162731639039818,empirical,0.9994977164375403,1,0.3585230304888763,0.4837268360960182
1.2870954934774388,-0.48749732032740645,0.43144121287726606,-0.06855878712273394,2.0,0.8,1,0.6627985407755518,0.5387186810591816,empirical,0.9994977164375403,1,0.3366991756619885,0.46128131894081836
1.340901823032909,-0.4613438325678736,0.45759470063679913,-0.042405299363200866,2.0,0.88,1,0.6819594223182026,0.5588673976500342,empirical,0.9994977164375403,1,0.31753829411933765,0.44113260234996576
1.3961507694221231,-0.43663296164208454,0.4823055715625882,-0.017694428437411813,2.0,0.96,1,0.6989330335097443,0.577084191221368,empirical,0.9994977164375403,1,0.30056468292779587,0.422915808778632
1.4526826221667126,-0.4132049970716707,0.505733536133002,0.005733536133001982,2.0,1.04,1,0.7140858086360999,0.5936567682269959,empirical,0.9994977164375403,1,0.2854119078014403,0.40634323177300413
1.5103636550064679,-0.3909262125964226,0.5280123206082501,0.028012320608250152,2.0,1.12,1,0.7277050118303822,0.6088156583200343,empirical,0.9994977164375403,1,0.2717927046071581,0.39118434167996574
1.5690806654569602,-0.36968340573191183,0.5492551274727606,0.04925512747276062,2.0,1.2,1,0.7400193104721963,0.6227481743168255,empirical,0.9994977164375403,1,0.259478405965344,0.3772518256831745
1.6287368966242437,-0.3493798195841922,0.5695587136204805,0.0695587136204805,2.0,1.28,1,0.751213188936216,0.63560839040339,empirical,0.9994977164375403,1,0.2482845275013242,0.36439160959661
1.689248937554745,-0.32993204319969016,0.5890064900049825,0.08900649000498251,2.0,1.36,1,0.7614372671367986,0.6475244220980173,empirical,0.9994977164375403,1,0.23806044930074163,0.3524755779019827
1.7505443305752066,-0.31126761890514865,0.607670914299524,0.10767091429952402,2.0,1.44,1,0.7708158294296057,0.6586038345828514,empirical,0.9994977164375403,1,0.22868188700793454,0.34139616541714857
1.8125596987329406,-0.29332316974787953,0.6256153634567934,0.12561536345679336,2.0,1.52,1,0.7794524119222359,0.6689377257265253,empirical,0.9994977164375403,1,0.22004530451530438,0.3310622742734747
1.8752392620595766,-0.2760429157595121,0.6428956174451603,0.14289561744516033,2.0,1.6,1,0.7874340122970269,0.6786038532496427,empirical,0.9994977164375403,1,0.21206370414051331,0.3213961467503573
1.9385336487490876,-0.25937748513402004,0.6595610480706526,0.15956104807065263,2.0,1.68,1,0.7948343054126934,0.6876690610434855,empirical,0.9994977164375403,1,0.20466341102484686,0.31233093895651454
2.0023989329612846,-0.24328295203121364,0.675655581173459,0.17565558117345903,2.0,1.76,1,0.8017161300946505,0.6961911839269719,empirical,0.9994977164375403,1,0.19778158634288973,0.3038088160730281
2.066795848850708,-0.2277200506056336,0.6912184825990386,0.19121848259903862,2.0,1.84,1,0.8081334341007018,0.7042205589995654,empirical,0.9994977164375403,1,0.19136428233683841,0.29577944100043463
2.1316891431186398,-0.2126535275585626,0.7062850056461101,0.20628500564611008,2.0,1.92,1,0.814132811074779,0.7118012365930031,empirical,0.9994977164375403,1,0.18536490536276123,0.2881987634069969
2.19704703753534,-0.19805160466025962,0.720886928544413,0.22088692854441305,2.0,2.0,1,0.8197547266254634,0.7189719592483075,empirical,0.9994977164375403,1,0.17974298981207687,0.2810280407516925
2.262840779563253,-0.18388552937316893,0.7350530038315037,0.23505300383150374,2.0,2.08,1,0.8250345049709092,0.725766959701185,empirical,0.9994977164375403,1,0.174463211466631,0.274233040298815
2.3290442641560927,-0.17012919665100545,0.7488093365536672,0.24880933655366722,2.0,2.16,1,0.8300031293298714,0.7322166163051296,empirical,0.9994977164375403,1,0.16949458710766888,0.2677833836948704
2.3956337135089143,-0.15675882868882374,0.7621797045158489,0.26217970451584893,2.0,2.24,1,0.8346878960869953,0.7383479951704415,empirical,0.9994977164375403,1,0.16480982035054495,0.2616520048295585
2.4625874043331932,-0.1437527021981002,0.7751858310065729,0.2751858310065729,2.0,2.32,1,0.8391129531730198,0.7441853015473749,empirical,0.9994977164375403,1,0.16038476326452047,0.25581469845262506
2.5298854343693966,-0.13109091491930025,0.7878476182853724,0.2878476182853724,2.0,2.4,1,0.8432997460317189,0.7497502579479427,empirical,0.9994977164375403,1,0.1561979704058214,0.2502497420520573
2.597509521498431,-0.11875518473333146,0.8001833484713412,0.3001833484713412,2.0,2.48,1,0.847267389278525,0.7550624227087157,empirical,0.9994977164375403,1,0.15223032715901527,0.2449375772912843
2.6654428300958704,-0.1067286760157673,0.8122098571889054,0.3122098571889054,2.0,2.56,1,0.851032978192836,0.7601394598128862,empirical,0.9994977164375403,1,0.14846473824470433,0.23986054018711378
2.733669820278432,-0.0949958488833258,0.8239426843213469,0.3239426843213469,2.0,2.64,1,0.854611851176764,0.7649973685768992,empirical,0.9994977164375403,1,0.14488586526077635,0.23500263142310085
2.802176116486556,-0.08354232777644643,0.8353962054282262,0.33539620542822624,2.0,2.72,1,0.8580178120083428,0.7696506800948345,empirical,0.9994977164375403,1,0.1414799044291975,0.2303493199051655
2.870948392479009,-0.07235478645389648,0.8465837467507766,0.34658374675077663,2.0,2.8000000000000003,1,0.8612633189377703,0.7741126259987116,empirical,0.9994977164375403,1,0.1382343974997699,0.22588737400128844
2.939974270321643,-0.061420846981527166,0.8575176862231455,0.3575176862231455,2.0,2.88,1,0.8643596462909576,0.7783952840443159,empirical,0.9994977164375403,1,0.13513807014658263,0.2216047159556841
3.0092422313604925,-0.05072899070537362,0.8682095424992995,0.3682095424992995,2.0,2.96,1,0.8673170231600343,0.782509704202835,empirical,0.9994977164375403,1,0.13218069327750592,0.21749029579716495
3.078741537500166,-0.04026847953004342,0.8786700536746288,0.37867005367462886,2.0,3.04,1,0.8701447529049035,0.7864660182784319,empirical,0.9994977164375403,1,0.1293529635326368,0.21353398172156812
3.1484621613782697,-0.030029286093144147,0.8889092471115285,0.3889092471115286,2.0,3.12,1,0.8728513165107583,0.7902735355431196,empirical,0.9994977164375403,1,0.12664639992678198,0.20972646445688037
3.218394724247641,-0.02000203164751202,0.8989365015571606,0.39893650155716065,2.0,3.2,1,0.8754444623040509,0.793940826454332,empirical,0.9994977164375403,1,0.12405325413348936,0.20605917354566805
3.2885304405603653,-0.01017793064523298,0.9087606025594397,0.4087606025594397,2.0,3.2800000000000002,1,0.8779312840937153,0.7974757961754915,empirical,0.9994977164375403,1,0.12156643234382492,0.20252420382450853
3.3588610683982827,-0.0005487411681475152,0.9183897920365252,0.41838979203652515,2.0,3.36,1,0.8803182894525884,0.8008857493388764,empirical,0.9994977164375403,1,0.11917942698495185,0.19911425066112365
3.4293788650201,0.008893279525038711,0.9278318127297114,0.4278318127297114,2.0,3.44,1,0.8826114595683388,0.8041774472601063,empirical,0.9994977164375403,1,0.1168862568692015,0.19582255273989368
3.5000765468999067,0.018155414960235206,0.9370939481649079,0.4370939481649079,2.0,3.52,1,0.8848163018602024,0.8073571586244584,empirical,0.9994977164375403,1,0.11468141457733785,0.19264284137554155
3.570947253719745,0.027244525455399682,0.9461830586600732,0.44618305866007324,2.0,3.6,1,0.8869378963668437,0.810430704509015,empirical,0.9994977164375403,1,0.11255982007069652,0.189569295490985
3.641984515852776,0.03616708063737217,0.9551056138420444,0.4551056138420444,2.0,3.68,1,0.8889809367534286,0.8134034984750617,empirical,0.9994977164375403,1,0.11051677968411164,0.18659650152493834
3.7131822249361135,0.04492918886903796,0.9638677220737106,0.46386772207371063,2.0,3.7600000000000002,1,0.8909497666559967,0.8162805823572076,empirical,0.9994977164375403,1,0.10854794978154356,0.18371941764279243
3.7845346071853387,0.05353662393481606,0.9724751571394883,0.4724751571394883,2.0,3.84,1,0.8928484119732927,0.8190666582854217,empirical,0.9994977164375403,1,0.10664930446424761,0.1809333417145783
3.8560361991478884,0.06199484928726928,0.9809333824919415,0.4809333824919415,2.0,3.92,1,0.8946806096262644,0.8217661174004026,empirical,0.9994977164375403,1,0.10481710681127585,0.17823388259959738
3.9276818256309505,0.07030904011921058,0.9892475733238832,0.48924757332388324,2.0,4.0,1,0.8964498332301841,0.8243830656588489,empirical,0.9994977164375403,1,0.10304788320735611,0.1756169343411511
1.1145333116795542,-0.5345734943645509,0.3843650388401217,-0.11563496115987831,2.0,0.08,2,0.5521256266003638,0.5357897671869741,empirical,0.9994977164375403,1,0.44737208983717647,0.46421023281302587
1.160401488185313,-0.5004818535553066,0.4184566796493661,-0.08154332035063389,2.0,0.16,2,0.593028293196658,0.5650351077185412,empirical,0.9994977164375403,1,0.40646942324088237,0.43496489228145885
1.2092099480546505,-0.46933049610964095,0.4496080370950318,-0.050391962904968224,2.0,0.24,2,0.6260900354697767,0.5896178434322632,empirical,0.9994977164375403,1,0.3734076809677635,0.41038215656773674
1.2604259883768234,-0.44058671911681047,0.47835181408786226,-0.02164818591213774,2.0,0.32,2,0.6535056257801748,0.610717469010357,empirical,0.9994977164375403,1,0.3459920906573655,0.38928253098964305
1.3136584955823087,-0.4138594090072927,0.50507912419738,0.005079124197379992,2.0,0.4,2,0.6766934014358973,0.6291217260006572,empirical,0.9994977164375403,1,0.32280431500164297,0.3708782739993428
1.3686101498847332,-0.38885124599471377,0.5300872872099587,0.03008728720995868,2.0,0.48,2,0.6966176923617413,0.6453824115563835,empirical,0.9994977164375403,1,0.30288002407579895,0.3546175884436165
1.4250486526239188,-0.36532993141889625,0.5536086017857764,0.05360860178577642,2.0,0.56,2,0.7139607343289612,0.6599007099808043,empirical,0.9994977164375403,1,0.28553698210857903,0.3400992900191957
1.4827884324657483,-0.34310989394572244,0.5758286392589502,0.07582863925895023,2.0,0.64,2,0.7292208968743659,0.6729771645204317,empirical,0.9994977164375403,1,0.2702768195631744,0.32702283547956834
1.541678496639277,-0.3220401408042479,0.5968983924004247,0.09689839240042475,2.0,0.72,2,0.7427719725112774,0.6848425356269093,empirical,0.9994977164375403,1,0.25672574392626296,0.31515746437309067
1.6015940709029546,-0.30199589775292246,0.6169426354517502,0.11694263545175021,2.0,0.8,2,0.7549005965817898,0.6956776958846004,empirical,0.9994977164375403,1,0.2445971198557505,0.3043223041153996
1.662430673510149,-0.2828726830451136,0.6360658501595591,0.13606585015955908,2.0,0.88,2,0.7658307572062831,0.7056269241235062,empirical,0.9994977164375403,1,0.23366695923125716,0.2943730758764937
1.7240998075983343,-0.26458199981829567,0.654356533386377,0.154356533386377,2.0,0.96,2,0.7757403608187374,0.7148070613940507,empirical,0.9994977164375403,1,0.22375735561880278,0.28519293860594935
1.7865257616565597,-0.24704813656151758,0.6718903966431551,0.17189039664315509,2.0,1.04,2,0.7847727334701274,0.7233139822861094,empirical,0.9994977164375403,1,0.21472498296741285,0.2766860177138906
1.8496431880199993,-0.230205745609954,0.6887327875947185,0.18873278759471845,2.0,1.12,2,0.7930447945291149,0.7312272725374365,empirical,0.9994977164375403,1,0.20645292190842537,0.26877272746256353
1.9133952397750955,-0.2139979800500471,0.7049405531546251,0.20494055315462512,2.0,1.2,2,0.8006529854699221,0.7386136771611418,empirical,0.9994977164375403,1,0.19884473096761812,0.26138632283885826
1.977732116263538,-0.1983750392234862,0.7205634939811865,0.22056349398118646,2.0,1.28,2,0.8076776486925987,0.7455296867135252,empirical,0.9994977164375403,1,0.1918200677449415,0.25447031328647485
2.042609912727072,-0.18329301837201695,0.7356455148326555,0.2356455148326555,2.0,1.36,2,0.8141863140217115,0.7520235072855272,empirical,0.9994977164375403,1,0.1853114024158288,0.2479764927144728
2.1079896998272254,-0.1687129881571674,0.7502255450475053,0.25022554504750527,2.0,1.44,2,0.8202362011931021,0.758136581951991,empirical,0.9994977164375403,1,0.17926151524443815,0.2418634180480091
2.1738367793121856,-0.1546002503271242,0.7643382828775485,0.26433828287754846,2.0,1.52,2,0.8258761502979801,0.7639047805321313,empirical,0.9994977164375403,1,0.1736215661395601,0.23609521946786866
2.240120076347498,-0.14092373004743353,0.7780148031572387,0.2780148031572387,2.0,1.6,2,0.8311481286065461,0.7693593405295909,empirical,0.9994977164375403,1,0.16834958783099424,0.23064065947040918
2.306811639080618,-0.12765547546555034,0.7912830577391223,0.29128305773912233,2.0,1.68,2,0.8360884194301452,0.7745276189724237,empirical,0.9994977164375403,1,0.1634092970073951,0.22547238102757627
2.373886223217972,-0.11477024228790089,0.8041682909167718,0.3041682909167718,2.0,1.76,2,0.8407285693778714,0.7794336988250171,empirical,0.9994977164375403,1,0.15876914705966882,0.22056630117498288
2.441320944637154,-0.10224514639208016,0.8166933868125925,0.3166933868125925,2.0,1.84,2,0.8450961499499811,0.7840988823371089,empirical,0.9994977164375403,1,0.1544015664875592,0.21590111766289105
2.509094986922189,-0.09005937136211184,0.8288791618425608,0.32887916184256083,2.0,1.92,2,0.8492153749736423,0.788542095610684,empirical,0.9994977164375403,1,0.15028234146389793,0.211457904389316
2.577189353593718,-0.07819392071863751,0.8407446124860352,0.34074461248603516,2.0,2.0,2,0.8531076050342424,0.7927802228065957,empirical,0.9994977164375403,1,0.14639011140329786,0.2072197771934043
2.645586656981782,-0.06663140679169821,0.8523071264129745,0.35230712641297446,2.0,2.08,2,0.8567917625368201,0.796828384113498,empirical,0.9994977164375403,1,0.14270595390072016,0.20317161588650207
2.714270937347506,-0.05535586984241858,0.8635826633622541,0.3635826633622541,2.0,2.16,2,0.8602846755067961,0.8007001684104076,empirical,0.9994977164375403,1,0.13921304093074421,0.19929983158959247
2.7832275071365404,-0.044352622316449875,0.8745859108882228,0.37458591088822285,2.0,2.24,2,0.8636013641339613,0.8044078291600172,empirical,0.9994977164375403,1,0.13589635230357905,0.19559217083998287
2.8524428162384,-0.03360811410330644,0.8853304191013662,0.3853304191013663,2.0,2.32,2,0.8667552809824661,0.8079624502557721,empirical,0.9994977164375403,1,0.13274243545507416,0.19203754974422793
2.9219043349020355,-0.02310981545193913,0.8958287177527335,0.39582871775273354,2.0,2.4,2,0.8697585134548682,0.8113740871584127,empirical,0.9994977164375403,1,0.129739202982672,0.18862591284158725
2.9916004515704837,-0.012846114805384001,0.9060924183992887,0.40609241839928867,2.0,2.48,2,0.8726219553135273,0.8146518875875521,empirical,0.9994977164375403,1,0.12687576112401297,0.18534811241244786
3.0615203833843223,-0.0028062293042192543,0.9161323039004534,0.4161323039004534,2.0,2.56,2,0.8753554526868782,0.817804195201695,empirical,0.9994977164375403,1,0.1241422637506621,0.182195804798305
3.1316540974933553,0.0070198739017510725,0.9259584071064237,0.42595840710642374,2.0,2.64,2,0.8779679289193353,0.8208386390480613,empirical,0.9994977164375403,1,0.12152978751820502,0.17916136095193874
3.201992241629827,0.016641547080282315,0.9355800802849554,0.43558008028495543,2.0,2.72,2,0.8804674917871694,0.8237622110490086,empirical,0.9994977164375403,1,0.11903022465037082,0.17623778895099135
3.2725260826508773,0.02606752337423579,0.9450060565789085,0.44500605657890846,2.0,2.8000000000000003,2,0.8828615259436013,0.826581333383029,empirical,0.9994977164375403,1,0.11663619049393889,0.17341866661697108
3.343247451965292,0.03530597137482383,0.9542445045794965,0.4542445045794965,2.0,2.88,2,0.885156772933573,0.8293019172914258,empirical,0.9994977164375403,1,0.11434094350396727,0.17069808270857428
3.414148696929536,0.04436454372558307,0.9633030769302562,0.4633030769302562,2.0,2.96,2,0.8873594007014389,0.83192941457886,empirical,0.9994977164375403,1,0.11213831573610135,0.16807058542114
3.4852226374380293,0.05325042053209339,0.9721889537367661,0.47218895373676606,2.0,3.04,2,0.8894750641798881,0.8344688628632626,empirical,0.9994977164375403,1,0.11002265225765219,0.16553113713673734
3.5564625270485104,0.06197034823661518,0.9809088814412878,0.48090888144128785,2.0,3.12,2,0.8915089582780431,0.8369249254576312,empirical,0.9994977164375403,1,0.10798875815949716,0.16307507454236886
3.6278620180796683,0.07053067452046102,0.9894692077251328,0.4894692077251328,2.0,3.2,2,0.8934658643672836,0.8393019266248214,empirical,0.9994977164375403,1,0.10603185207025666,0.16069807337517866
3.699415130198729,0.07893737971640347,0.9978759129210761,0.49787591292107614,2.0,3.2800000000000002,2,0.8953501911844084,0.8416038828302725,empirical,0.9994977164375403,1,0.10414752525313188,0.1583961171697274
3.7711162220841827,0.08719610514595244,1.006134638350625,0.5061346383506251,2.0,3.36,2,0.8971660109251168,0.8438345305217427,empirical,0.9994977164375403,1,0.10233170551242343,0.15616546947825727
3.8429599658057065,0.09531217873943154,1.0142507119441042,0.5142507119441042,2.0,3.44,2,0.898917091180083,0.8459973508856528,empirical,0.9994977164375403,1,0.1005806252574572,0.15400264911434725
3.914941323611383,0.10329063824875906,1.0222291714534317,0.5222291714534317,2.0,3.52,2,0.9006069232660954,0.8480955919634859,empirical,0.9994977164375403,1,0.09889079317144486,0.15190440803651406
3.9870555268531063,0.11113625232203939,1.030074785526712,0.5300747855267121,2.0,3.6,2,0.9022387474218746,0.8501322884563964,empirical,0.9994977164375403,1,0.09725896901566569,0.1498677115436035
4.05929805681581,0.11885353967433865,1.0377920728790104,0.5377920728790104,2.0,3.68,2,0.903815575269121,0.8521102794997827,empirical,0.9994977164375403,1,0.09568214116841921,0.14788972050021731
4.131664627245777,0.12644678655937458,1.0453853197640472,0.5453853197640472,2.0,3.7600000000000002,2,0.9053402098815517,0.8540322246505168,empirical,0.9994977164375403,1,0.09415750655598851,0.1459677753494832
4.204151168398744,0.1339200627214101,1.0528585959260828,0.5528585959260828,2.0,3.84,2,0.9068152637561596,0.8559006182965015,empirical,0.9994977164375403,1,0.09268245268138062,0.14409938170349845
4.276753812450368,0.14127723598478958,1.0602157691894623,0.5602157691894623,2.0,3.92,2,0.9082431749400344,0.857717802670223,empirical,0.9994977164375403,1,0.09125454149750588,0.14228219732977698
4.349468880130448,0.14852198561971264,1.0674605188243853,0.5674605188243853,2.0,4.0,2,0.9096262215315019,0.8594859796241537,empirical,0.9994977164375403,1,0.08987149490603843,0.14051402037584626
0.9270227578237087,-0.8470227578237086,0.07191577538096411,-0.4280842246190359,2.0,0.08,1,0.18672079415053344,0.1301246729359148,marchenko,1.0000000000000009,1,0.8132792058494674,0.8698753270640852
0.9471035414911604,-0.7871035414911602,0.13183499171351248,-0.3681650082864875,2.0,0.16,1,0.3077460576629204,0.22152126154786578,marchenko,1.0000000000000009,1,0.6922539423370805,0.7784787384521342
0.9753481727494389,-0.7353481727494386,0.18359036045523408,-0.3164096395447659,2.0,0.24,1,0.39400911983972675,0.29087562247693155,marchenko,1.0000000000000009,1,0.6059908801602741,0.7091243775230684
1.0095894323065944,-0.6895894323065941,0.22934910089807864,-0.27065089910192136,2.0,0.32,1,0.4592409789259251,0.34608577348740854,marchenko,1.0000000000000009,1,0.5407590210740758,0.6539142265125915
1.048459787088167,-0.6484597870881665,0.2704787461165062,-0.22952125388349381,2.0,0.4,1,0.5106191037676897,0.391504716985849,marchenko,1.0000000000000009,1,0.48938089623231124,0.608495283014151
1.091031572108446,-0.6110315721084456,0.3079069610962271,-0.19209303890377288,2.0,0.48,1,0.5523135238670474,0.42977901708763544,marchenko,1.0000000000000009,1,0.4476864761329536,0.5702209829123646
1.1366420878538248,-0.5766420878538243,0.3422964453508484,-0.1577035546491516,2.0,0.56,1,0.5869348363356719,0.46263298330404856,marchenko,1.0000000000000009,1,0.41306516366432905,0.5373670166959514
1.1847990749619524,-0.5447990749619518,0.37413945824272093,-0.12586054175727907,2.0,0.64,1,0.6162112784784861,0.4912495635475389,marchenko,1.0000000000000009,1,0.3837887215215148,0.5087504364524611
1.235125522510522,-0.5151255225105213,0.4038130106941514,-0.09618698930584862,2.0,0.72,1,0.6413378326033152,0.5164735210512273,marchenko,1.0000000000000009,1,0.35866216739668566,0.48352647894877265
1.287325476855602,-0.48732547685560124,0.4316130563490715,-0.06838694365092851,2.0,0.8,1,0.6631701203476198,0.5389278074438097,marchenko,1.0000000000000009,1,0.3368298796523811,0.46107219255619025
1.3411618417918705,-0.4611618417918697,0.457776691412803,-0.04222330858719697,2.0,0.88,1,0.6823386002600231,0.559084063542361,marchenko,1.0000000000000009,1,0.3176613997399778,0.44091593645763905
1.3964414025288383,-0.43644140252883745,0.4824971306758353,-0.017502869324164727,2.0,0.96,1,0.6993191059600707,0.5773073165566659,marchenko,1.0000000000000009,1,0.30068089403993015,0.4226926834433341
1.4530043964019357,-0.41300439640193476,0.5059341368027379,0.0059341368027379104,2.0,1.04,1,0.7144781705659324,0.5938854052228624,marchenko,1.0000000000000009,1,0.28552182943406845,0.4061145947771376
1.510717051973705,-0.390717051973704,0.5282214812309687,0.02822148123096868,2.0,1.12,1,0.7281031359487503,0.6090489754748013,marchenko,1.0000000000000009,1,0.2718968640512506,0.3909510245251987
1.569466127179999,-0.36946612717999794,0.5494724060246747,0.04947240602467473,2.0,1.2,1,0.7404227325090296,0.6229854419783313,marchenko,1.0000000000000009,1,0.2595772674909714,0.3770145580216687
1.6291548301380232,-0.34915483013802207,0.5697837030666506,0.0697837030666506,2.0,1.28,1,0.7516214968973118,0.6358489679428839,marchenko,1.0000000000000009,1,0.24837850310268902,0.3641510320571161
1.6896997187473313,-0.32969971874732984,0.5892388144573426,0.08923881445734261,2.0,1.36,1,0.7618500931529093,0.6477677466240891,marchenko,1.0000000000000009,1,0.23814990684709156,0.3522322533759109
1.7510283074527675,-0.3110283074527662,0.6079102257519065,0.10791022575190645,2.0,1.44,1,0.7712328433763942,0.6588494110759874,marchenko,1.0000000000000009,1,0.22876715662360675,0.3411505889240126
1.8130771942273625,-0.2930771942273609,0.6258613389773116,0.12586133897731155,2.0,1.52,1,0.779873316298829,0.6691851184515629,marchenko,1.0000000000000009,1,0.220126683701172,0.3308148815484371
1.8757905764652296,-0.2757905764652282,0.6431479567394445,0.14314795673944447,2.0,1.6,1,0.787858538031584,0.6788526782989341,marchenko,1.0000000000000009,1,0.2121414619684169,0.32114732170106586
1.9391190618534255,-0.25911906185342404,0.6598194713512486,0.15981947135124863,2.0,1.68,1,0.7952622083721013,0.6879189798697428,marchenko,1.0000000000000009,1,0.20473779162789965,0.3120810201302572
2.003018705919039,-0.24301870591903763,0.675919827285635,0.17591982728563504,2.0,1.76,1,0.8021471881431195,0.6964418977362228,marchenko,1.0000000000000009,1,0.19785281185688147,0.3035581022637772
2.0674502258409007,-0.22745022584089902,0.6914883073637736,0.19148830736377365,2.0,1.84,1,0.8085674445955873,0.704471803888242,marchenko,1.0000000000000009,1,0.1914325554044136,0.29552819611175796
2.1323783528159113,-0.21237835281590955,0.7065601803887631,0.20656018038876311,2.0,1.92,1,0.8145695887169082,0.712052779327076,marchenko,1.0000000000000009,1,0.1854304112830927,0.287947220672924
2.197771294421339,-0.197771294421337,0.7211672387833357,0.22116723878333566,2.0,2.0,1,0.8201941016011047,0.7192235935955847,marchenko,1.0000000000000009,1,0.17980589839889619,0.28077640640441526
2.2636002850993844,-0.18360028509938253,0.7353382481052901,0.23533824810529014,2.0,2.08,1,0.825476321336548,0.7260185032399641,marchenko,1.0000000000000009,1,0.1745236786634529,0.2739814967600359
2.329839207835441,-0.16983920783543915,0.7490993253692335,0.24909932536923352,2.0,2.16,1,0.8304472436011318,0.7324679076431145,marchenko,1.0000000000000009,1,0.1695527563988691,0.26753209235688546
2.3964642738023936,-0.15646427380239114,0.7624742594022811,0.2624742594022811,2.0,2.24,1,0.8351341760006161,0.738598891517244,marchenko,1.0000000000000009,1,0.16486582399938482,0.261401108482756
2.4634537495427105,-0.1434537495427084,0.7754847836619643,0.2754847836619643,2.0,2.32,1,0.8395612765965423,0.7444356765920477,marchenko,1.0000000000000009,1,0.16043872340345855,0.2555643234079523
2.5307877233989937,-0.13078772339899158,0.7881508098056811,0.2881508098056811,2.0,2.4,1,0.8437500000000009,0.7499999999999998,marchenko,1.0000000000000009,1,0.15624999999999997,0.2500000000000002
2.5984479045528306,-0.11844790455282839,0.8004906286518443,0.3004906286518443,2.0,2.48,1,0.8477194691397015,0.7553114330670848,marchenko,1.0000000000000009,1,0.15228053086029936,0.24468856693291519
2.6664174493145825,-0.10641744931458019,0.8125210838900925,0.31252108389009253,2.0,2.56,1,0.8514867868491536,0.7603876513323383,marchenko,1.0000000000000009,1,0.1485132131508473,0.23961234866766168
2.7346808103125047,-0.0946808103125023,0.8242577228921704,0.32425772289217036,2.0,2.64,1,0.85506729840798,0.7652446644058702,marchenko,1.0000000000000009,1,0.14493270159202087,0.23475533559412975
2.803223605024151,-0.08322360502414838,0.8357149281805243,0.3357149281805243,2.0,2.72,1,0.8584748138672349,0.7698970125622469,marchenko,1.0000000000000009,1,0.14152518613276596,0.23010298743775315
2.8720325007251897,-0.07203250072518674,0.8469060324794859,0.3469060324794859,2.0,2.8000000000000003,1,0.8617217972088296,0.7743579356305598,marchenko,1.0000000000000009,1,0.13827820279117137,0.22564206436944023
2.94109511343714,-0.06109511343713736,0.8578434197675353,0.3578434197675353,2.0,2.88,1,0.8648195280046067,0.7786395186934703,marchenko,1.0000000000000009,1,0.13518047199539415,0.22136048130652974
3.010399918863593,-0.05039991886359019,0.8685386143410825,0.3685386143410825,2.0,2.96,1,0.8677782401557786,0.7827528182777957,marchenko,1.0000000000000009,1,0.13222175984422227,0.21724718172220425
3.0799361736354287,-0.03993617363542601,0.8790023595692467,0.37900235956924666,2.0,3.04,1,0.8706072414377111,0.7867079720587224,marchenko,1.0000000000000009,1,0.12939275856228988,0.21329202794127755
3.1496938454553067,-0.029693845455303514,0.8892446877493687,0.3892446877493687,2.0,3.12,1,0.8733150168957263,0.7905142945706732,marchenko,1.0000000000000009,1,0.12668498310427456,0.20948570542932676
3.2196635509528613,-0.019663550952858433,0.8992749822518142,0.39927498225181424,2.0,3.2,1,0.8759093185950567,0.7941803609916426,marchenko,1.0000000000000009,1,0.12409068140494414,0.20581963900835742
3.2898365002442396,-0.009836500244236213,0.9091020329604365,0.40910203296043646,2.0,3.2800000000000002,1,0.8783972437922986,0.7977140807225275,marchenko,1.0000000000000009,1,0.12160275620770235,0.20228591927747253
3.3602044473404242,-0.00020444734042168733,0.9187340858642514,0.4187340858642514,2.0,3.36,1,0.8807853032437805,0.8011227622018009,marchenko,1.0000000000000009,1,0.11921469675622037,0.1988772377981991
3.4307596456741827,0.009240354325820377,0.928178887530493,0.42817888753049305,2.0,3.44,1,0.8830794810805621,0.8044131701657384,marchenko,1.0000000000000009,1,0.11692051891943873,0.19558682983426157
3.5014948081202677,0.018505191879735428,0.9374437250844081,0.4374437250844081,2.0,3.52,1,0.8852852874467063,0.807591576375194,marchenko,1.0000000000000009,1,0.1147147125532946,0.19240842362480604
3.5724030709712653,0.027596929028737893,0.9465354622334106,0.44653546223341056,2.0,3.6,1,0.8874078049064482,0.8106638046735791,marchenko,1.0000000000000009,1,0.11259219509355266,0.18933619532642088
3.6434779614055537,0.036522038594450024,0.9554605717991222,0.45546057179912225,2.0,3.68,1,0.8894517294686068,0.81363527111106,marchenko,1.0000000000000009,1,0.11054827053139402,0.18636472888893996
3.714713368046192,0.04528663195381144,0.9642251651584841,0.4642251651584841,2.0,3.7600000000000002,1,0.8914214069465544,0.8165110197619179,marchenko,1.0000000000000009,1,0.10857859305344651,0.18348898023808213
3.786103514262725,0.05389648573727834,0.972835018941951,0.472835018941951,2.0,3.84,1,0.8933208652640998,0.81929575477172,marchenko,1.0000000000000009,1,0.10667913473590104,0.18070424522828
3.8576429339128864,0.06235706608711711,0.9812955992917898,0.4812955992917898,2.0,3.92,1,0.8951538432276696,0.8219938690950774,marchenko,1.0000000000000009,1,0.1048461567723313,0.17800613090492257
3.929326449259805,0.07067355074019854,0.9896120839448712,0.4896120839448712,2.0,4.0,1,0.8969238162098891,0.8246094703208938,marchenko,1.0000000000000009,1,0.10307618379011173,0.17539052967910618
1.1145555724842435,-0.5345555724842435,0.38438296072042927,-0.11561703927957073,2.0,0.08,2,0.552426732400748,0.5358058614079402,marchenko,1.0000000000000009,1,0.44757326759925287,0.46419413859205977
1.160449167543736,-0.5004491675437358,0.4184893656609368,-0.08151063433906319,2.0,0.16,2,0.5933603970752672,0.5650623364679574,marchenko,1.0000000000000009,1,0.4066396029247337,0.4349376635320426
1.209285073351653,-0.4692850733516527,0.44965345985302,-0.05034654014697998,2.0,0.24,2,0.6264428008016178,0.5896537278076119,marchenko,1.0000000000000009,1,0.3735571991983831,0.41034627219238806
1.260529951211188,-0.44052995121118776,0.47840858199348496,-0.02159141800651504,2.0,0.32,2,0.6538730288314607,0.6107606307739328,marchenko,1.0000000000000009,1,0.34612697116854024,0.3892393692260671
1.3137923073067355,-0.4137923073067351,0.5051462258979376,0.005146225897937562,2.0,0.4,2,0.6770717334674276,0.6291713066130293,marchenko,1.0000000000000009,1,0.32292826653257334,0.37082869338697066
1.3687745824694666,-0.38877458246946617,0.5301639507352065,0.0301639507352065,2.0,0.48,2,0.6970045599198638,0.6454378112384658,marchenko,1.0000000000000009,1,0.30299544008013707,0.3545621887615342
1.4252443204686356,-0.3652443204686351,0.5536942127360376,0.05369421273603758,2.0,0.56,2,0.7143545270442222,0.6599614648552361,marchenko,1.0000000000000009,1,0.28564547295577863,0.34003853514476395
1.483015842026622,-0.3430158420266214,0.5759226911780513,0.07592269117805128,2.0,0.64,2,0.729620489462963,0.6730428867437043,marchenko,1.0000000000000009,1,0.2703795105370379,0.32695711325629573
1.5419380776758778,-0.3219380776758771,0.5970004555287955,0.09700045552879555,2.0,0.72,2,0.7431765507337407,0.6849128834717073,marchenko,1.0000000000000009,1,0.25682344926626016,0.3150871165282927
1.6018861968081946,-0.30188619680819384,0.6170523363964788,0.11705233639647883,2.0,0.8,2,0.7553095518838453,0.6957523584929245,marchenko,1.0000000000000009,1,0.24469044811615562,0.3042476415070755
1.662755674933933,-0.28275567493393217,0.6361828582707405,0.1361828582707405,2.0,0.88,2,0.7662436209215316,0.7057056135890529,marchenko,1.0000000000000009,1,0.23375637907846925,0.2942943864109471
1.7244579818284738,-0.2644579818284729,0.6544805513761998,0.15448055137619976,2.0,0.96,2,0.7761567619335241,0.7148895085438177,marchenko,1.0000000000000009,1,0.2238432380664768,0.2851104914561823
1.786917379244386,-0.24691737924438506,0.6720211539602876,0.1720211539602876,2.0,1.04,2,0.7851923708364503,0.7233999343300926,marchenko,1.0000000000000009,1,0.21480762916355062,0.27660006566990736
1.8500684975738526,-0.23006849757385162,0.688870035630821,0.18887003563082105,2.0,1.12,2,0.7934674181678364,0.7313164916520243,marchenko,1.0000000000000009,1,0.20653258183216452,0.2686835083479757
1.9138544715088612,-0.21385447150886017,0.7050840616958125,0.2050840616958125,2.0,1.2,2,0.8010783837263928,0.7387059395283296,marchenko,1.0000000000000009,1,0.19892161627360805,0.26129406047167036
1.9782254846819802,-0.1982254846819791,0.7207130485226936,0.22071304852269358,2.0,1.28,2,0.8081056392392435,0.7456247817737695,marchenko,1.0000000000000009,1,0.1918943607607574,0.25437521822623055
2.0431376187011714,-0.18313761870116996,0.7358009145035025,0.2358009145035025,2.0,1.36,2,0.8146167374378106,0.7521212370845789,marchenko,1.0000000000000009,1,0.18538326256219032,0.24787876291542116
2.10855193223055,-0.16855193223054865,0.750386600974124,0.250386600974124,2.0,1.44,2,0.8206689163016581,0.7582367605256137,marchenko,1.0000000000000009,1,0.17933108369834283,0.24176323947438633
2.1744337163358307,-0.15443371633582936,0.7645048168688433,0.2645048168688433,2.0,1.52,2,0.8263110307202925,0.7640072333051567,marchenko,1.0000000000000009,1,0.1736889692797084,0.23599276669484326
2.24075188657563,-0.14075188657562876,0.7781866466290439,0.2781866466290439,2.0,1.6,2,0.8315850601738104,0.7694639037219049,marchenko,1.0000000000000009,1,0.16841493982619055,0.23053609627809513
2.3074784823847696,-0.1274784823847681,0.7914600508199046,0.29146005081990456,2.0,1.68,2,0.8365272982071417,0.7746341390120035,marchenko,1.0000000000000009,1,0.1634727017928592,0.22536586098799655
2.3745882515118986,-0.114588251511897,0.8043502816927757,0.30435028169277567,2.0,1.76,2,0.841169300130012,0.7795420317711805,marchenko,1.0000000000000009,1,0.1588306998699889,0.22045796822881952
2.4420583025227303,-0.10205830252272863,0.816880230681944,0.31688023068194404,2.0,1.84,2,0.8455386449359029,0.7842088933179403,marchenko,1.0000000000000009,1,0.15446135506409794,0.21579110668205975
2.5098678122488667,-0.08986781224886498,0.8290707209558077,0.3290707209558077,2.0,1.92,2,0.8496595529800358,0.788653658278333,marchenko,1.0000000000000009,1,0.15034044701996507,0.21134634172166705
2.57799777794841,-0.07799777794840823,0.8409407552562644,0.34094075525626444,2.0,2.0,2,0.8535533905932746,0.7928932188134525,marchenko,1.0000000000000009,1,0.14644660940672624,0.20710678118654752
2.646430806121964,-0.06643080612196206,0.8525077270827106,0.3525077270827106,2.0,2.08,2,0.8572390852829667,0.7969427026114312,marchenko,1.0000000000000009,1,0.14276091471703423,0.2030572973885688
2.7151509315873508,-0.05515093158734885,0.8637876016173238,0.3637876016173239,2.0,2.16,2,0.8607334696414465,0.8008157055744776,marchenko,1.0000000000000009,1,0.13926653035855438,0.1991842944255225
2.7841434616937333,-0.044143461693730845,0.8747950715109414,0.3747950715109414,2.0,2.24,2,0.8640515679743757,0.8045244877374007,marchenko,1.0000000000000009,1,0.1359484320256253,0.19547551226259935
2.853394841547641,-0.033394841547639054,0.8855436916570336,0.3855436916570336,2.0,2.32,2,0.8672068365775517,0.808080139140082,marchenko,1.0000000000000009,1,0.13279316342244915,0.19191986085991802
2.922892536900027,-0.022892536900025018,0.8960459963046477,0.39604599630464765,2.0,2.4,2,0.8702113662545152,0.8114927209891656,marchenko,1.0000000000000009,1,0.1297886337454857,0.18850727901083436
2.992624931956255,-0.012624931956252805,0.9063136012484199,0.4063136012484199,2.0,2.48,2,0.8730760538813698,0.8147713863742052,marchenko,1.0000000000000009,1,0.12692394611863114,0.18522861362579474
3.062581239858052,-0.0025812398580495888,0.9163572933466231,0.4163572933466231,2.0,2.56,2,0.8758107484486564,0.8179244839714419,marchenko,1.0000000000000009,1,0.12418925155134451,0.18207551602855804
3.1327514239762717,0.007248576023730635,0.9261871092284033,0.4261871092284033,2.0,2.64,2,0.8784243759407556,0.8209596475164074,marchenko,1.0000000000000009,1,0.12157562405924523,0.17904035248359257
3.20312612846736,0.016873871532642415,0.9358124047373151,0.4358124047373151,2.0,2.72,2,0.8809250465764551,0.8238838733120446,marchenko,1.0000000000000009,1,0.11907495342354578,0.17611612668795545
3.273696616800865,0.02630338319913772,0.9452419164038104,0.4452419164038104,2.0,2.8000000000000003,2,0.883320147274908,0.8267035876302602,marchenko,1.0000000000000009,1,0.11667985272509289,0.17329641236973986
3.344454717172796,0.03554528282720648,0.9544838160318792,0.45448381603187915,2.0,2.88,2,0.8856164216881975,0.8294247055379937,marchenko,1.0000000000000009,1,0.11438357831180337,0.1705752944620063
3.4153927738895775,0.04460722611042511,0.9635457593150978,0.4635457593150978,2.0,2.96,2,0.8878200397243294,0.8320526824159875,marchenko,1.0000000000000009,1,0.11217996027567144,0.16794731758401255
3.486503603947391,0.05349639605261158,0.9724349292572843,0.47243492925728425,2.0,3.04,2,0.8899366581494149,0.8345925592257815,marchenko,1.0000000000000009,1,0.110063341850586,0.16540744077421854
3.55778045814759,0.06221954185241296,0.9811580750570856,0.48115807505708563,2.0,3.12,2,0.8919714735873461,0.837049002407483,marchenko,1.0000000000000009,1,0.10802852641265481,0.16295099759251697
3.629216986185259,0.07078301381474406,0.9897215470194167,0.4897215470194167,2.0,3.2,2,0.8939292690157924,0.8394263391494671,marchenko,1.0000000000000009,1,0.10607073098420845,0.16057366085053293
3.7008072052284837,0.07919279477151919,0.9981313279761919,0.49813132797619186,2.0,3.2800000000000002,2,0.8958144546783567,0.8417285886549928,marchenko,1.0000000000000009,1,0.10418554532164413,0.15827141134500722
3.7725454715734545,0.08745452842654844,1.006393061631221,0.5063930616312211,2.0,3.36,2,0.8976311041860511,0.8439594899348715,marchenko,1.0000000000000009,1,0.10236889581394983,0.1560405100651286
3.844426455017348,0.09557354498265491,1.0145120781873276,0.5145120781873276,2.0,3.44,2,0.899382986460514,0.8461225265758352,marchenko,1.0000000000000009,1,0.10061701353948696,0.15387747342416486
3.916445115639068,0.10355488436093507,1.0224934175656077,0.5224934175656077,2.0,3.52,2,0.9010735940715602,0.8482209488681114,marchenko,1.0000000000000009,1,0.09892640592844074,0.1517790511318886
3.988596682718651,0.111403317281352,1.0303418504860247,0.5303418504860247,2.0,3.6,2,0.9027061684387765,0.8502577936204079,marchenko,1.0000000000000009,1,0.09729383156122441,0.14974220637959212
4.06087663556093,0.11912336443907368,1.0380618976437463,0.5380618976437463,2.0,3.68,2,0.9042837222977941,0.852235901944121,marchenko,1.0000000000000009,1,0.0957162777022068,0.14776409805587898
4.133280686018683,0.12671931398132052,1.0456578471859932,0.5456578471859932,2.0,3.7600000000000002,2,0.905809059774068,0.8541579352495076,marchenko,1.0000000000000009,1,0.09419094022593286,0.14584206475049244
4.205804762535941,0.1341952374640627,1.0531337706687354,0.5531337706687354,2.0,3.84,2,0.9072847943584545,0.8560263896635381,marchenko,1.0000000000000009,1,0.09271520564154635,0.143973610336462
4.278444995553976,0.14155500444602787,1.0604935376507005,0.5604935376507005,2.0,3.92,2,0.9087133650379731,0.8578436090511492,marchenko,1.0000000000000009,1,0.09128663496202787,0.1421563909488508
4.351197704141368,0.14880229585863525,1.067740829063308,0.5677408290633079,2.0,4.0,2,0.9100970508005528,0.8596117967977923,marchenko,1.0000000000000009,1,0.08990294919944809,0.14038820320220763
