A,A_dual,I,I_dual,az,likelihood_type,mz,tau_z,vz
0.1931471805599454,-0.1931471805599455,0.7257913526447273,0.22579135264472716,1.0,abs,-2.220446049250313e-16,1,1.0000000000000002
0.22579135264472744,0.0925185335390632,0.6931471805599453,0.5114570667437359,1.0,sgn,0.6366197723675813,1,0.3633802276324187
-0.8465735902799727,1.0965735902799727,1.7655121234846454,1.5155121234846454,1.0,gaussian,0.5,1,0.5
0.19814507945336507,-0.08828534072539473,0.7662479992058531,0.330653192479278,1.0909090909090908,abs,0.20140952100127896,1,0.798590478998721
0.25499828475545466,0.0986818128943745,0.7093947939037635,0.5176203460990472,1.0909090909090908,sgn,0.6484135123580201,1,0.35158648764197986
-0.8233449261108441,1.1079299063479982,1.7877380047700622,1.5268684395526708,1.0909090909090908,gaussian,0.5217391304347826,1,0.4782608695652174
0.21042007337095892,-0.0148222685198178,0.7994275507428048,0.40411626468485495,1.1818181818181819,abs,0.33101166974808494,1,0.6689883302519151
0.28473114756121876,0.10512313194229933,0.7251164765525449,0.524061665146972,1.1818181818181819,sgn,0.6597533960828768,1,0.34024660391712325
-0.7991701878656965,1.119245945441454,1.80901781197946,1.5381844786461265,1.1818181818181819,gaussian,0.5416666666666666,1,0.45833333333333337
0.22770938104851884,0.042901133450901185,0.8275927885197902,0.4618396666555739,1.2727272727272727,abs,0.4252450942133743,1,0.5747549057866257
0.3149684758892351,0.11178089138198799,0.740333693679074,0.5307194245866608,1.2727272727272727,sgn,0.6706061485690649,1,0.3293938514309351
-0.7741266396712789,1.1304902760349154,1.8294288092395878,1.5494288092395878,1.2727272727272727,gaussian,0.5599999999999999,1,0.44000000000000006
0.2487503519433828,0.09053382598084608,0.8520063630794719,0.5094723591855188,1.3636363636363638,abs,0.49761679428886896,1,0.502383205711131
0.3456877356764742,0.11860133365982145,0.7550689793463804,0.5375398668644942,1.3636363636363638,sgn,0.6809573016932335,1,0.3190426983067665
-0.7482824507933739,1.1416390941500172,1.8490391658162284,1.5605776273546899,1.3636363636363638,gaussian,0.5769230769230769,1,0.4230769230769231
0.27272356055879227,0.13101185307487018,0.8734876999186078,0.549950386279543,1.4545454545454546,abs,0.5551361937462859,1,0.44486380625371413
0.3768660781267811,0.12553881404257794,0.769345182350619,0.5444773472472507,1.4545454545454546,sgn,0.6908067267328686,1,0.3091932732671314
-0.7216980693302519,1.152674500306683,1.867909329807652,1.5716130335113556,1.4545454545454546,gaussian,0.5925925925925926,1,0.4074074074074074
0.29905628177946264,0.16611241247388053,0.8926095241524827,0.5850509456785532,1.5454545454545454,abs,0.6019830160925618,1,0.3980169839074382
0.40848089348013167,0.13255525394863393,0.7831849124518138,0.5514937871533067,1.5454545454545454,sgn,0.7001644260842849,1,0.29983557391571514
-0.6944273459611441,1.1635831901169884,1.8860931518930895,1.5825217233216609,1.5454545454545454,gaussian,0.6071428571428572,1,0.39285714285714285
0.3273289487855737,0.19701091569977114,0.9097914026009171,0.6159494489044439,1.6363636363636362,abs,0.6408598343709772,1,0.35914016562902285
0.44051019013041937,0.13961925093155236,0.7966101612560714,0.558557784136225,1.6363636363636362,sgn,0.7090470946312988,1,0.29095290536870116
-0.6665184604122336,1.1743554510078447,1.9036388117987244,1.5932939842125176,1.6363636363636362,gaussian,0.6206896551724137,1,0.37931034482758624
0.3572237284820061,0.2245319433839259,0.9253511683590303,0.6434704765885986,1.7272727272727273,abs,0.6736118305816055,1,0.32638816941839455
0.47293283667829394,0.1467051107188026,0.8096420601627424,0.5656436439234752,1.7272727272727273,sgn,0.7174755180387433,1,0.28252448196125673
-0.6380146907955289,1.1849843877652257,1.9205895876365653,1.6039229209698986,1.7272727272727273,gaussian,0.6333333333333333,1,0.36666666666666664
0.3884936228520782,0.24927902612264174,0.9395358194435037,0.6682175593273145,1.8181818181818183,abs,0.7015499138721919,1,0.2984500861278081
0.5057287027783405,0.15379193047892492,0.8223007395172415,0.5727304636835977,1.8181818181818183,sgn,0.7254726965829918,1,0.2745273034170081
-0.6089550567524786,1.1954653206820975,1.9369844990480605,1.6144038538867702,1.8181818181818183,gaussian,0.6451612903225807,1,0.3548387096774193
0.42094272526619325,0.27170836564248024,0.952541262483934,0.690646898847153,1.9090909090909092,abs,0.7256344761900388,1,0.2743655238099611
0.538878728245196,0.16086278598603576,0.8346052595049314,0.5798013191907085,1.9090909090909092,sgn,0.7330625387184333,1,0.26693746128156676
-0.5793748604552236,1.2057953150006782,1.9528588482053508,1.6247338482053508,1.9090909090909092,gaussian,0.65625,1,0.34375
0.4544130174165976,0.2921736859223905,0.964525515788075,0.7111122191270631,2.0,abs,0.7465867033389881,1,0.2534132966610118
0.5723649429246984,0.16790403611275684,0.8465735902799743,0.5868425693174295,2.0,sgn,0.7402689790374553,1,0.25973102096254475
-0.549306144334055,1.2159728110007217,1.9682446775387277,1.6349113442053944,2.0,gaussian,0.6666666666666667,1,0.3333333333333333
0.48877521934168633,0.31095498185380843,0.9756178593175318,0.7298935150584811,2.090909090909091,abs,0.7649593228826472,1,0.23504067711735283
0.6061704538245468,0.1749047396766905,0.8582226248346714,0.5938432728813633,2.090909090909091,sgn,0.7471154024794444,1,0.2528845975205556
-0.51877808045435,1.2259973317912485,1.9831711591135681,1.644935864995921,2.090909090909091,gaussian,0.6764705882352942,1,0.3235294117647059
0.5239222642237066,0.3282777372814759,0.985925359890057,0.7472162704861487,2.1818181818181817,abs,0.781183334713084,1,0.218816665286916
0.640279411280538,0.18185617219476324,0.8695682128332256,0.600794705399436,2.1818181818181817,sgn,0.7536242848523595,1,0.2463757151476404
-0.48781730343643076,1.2358692514883787,1.9976649275501943,1.6548077846930516,2.1818181818181817,gaussian,0.6857142857142857,1,0.3142857142857143
0.5597645336463939,0.34432620492621835,0.995537635921915,0.763264738130891,2.2727272727272725,abs,0.7955998499438989,1,0.2044001500561011
0.6746769624094562,0.18875142806947087,0.8806252071588527,0.6076899612741435,2.2727272727272725,sgn,0.7598169836214559,1,0.24018301637854417
-0.4564481964652333,1.2455896106066473,2.0117503660335423,1.66452814381132,2.2727272727272725,gaussian,0.6944444444444444,1,0.3055555555555556
0.596226306726887,0.3592528468780769,1.0045304082959676,0.7781913800827497,2.3636363636363638,abs,0.8084823607426618,1,0.19151763925733822
0.7093491975392546,0.19558509422512582,0.8914075174836,0.6145236274297986,2.3636363636363638,sgn,0.7657136314929373,1,0.23428636850706272
-0.4246931381047451,1.2551599685715755,2.0254498531275997,1.6740985017762484,2.3636363636363638,gaussian,0.7027027027027026,1,0.2972972972972973
0.6332430681800072,0.3731852076003852,1.0129681922973928,0.7921237408050579,2.4545454545454546,abs,0.8200526691543938,1,0.1799473308456062
0.7442830934797083,0.20235298273502766,0.9019281669976917,0.6212915159397003,2.4545454545454546,sgn,0.771333099137933,1,0.228666900862067
-0.39257271619128015,1.2645822855692705,2.03878397666868,1.6835208187739434,2.4545454545454546,gaussian,0.7105263157894737,1,0.2894736842105263
0.670759436714141,0.38623102038001655,1.0209063692178044,0.8051695535846892,2.5454545454545454,abs,0.8304925020025524,1,0.16950749799744763
0.7794664562073366,0.20905191179547977,0.9121993497246088,0.6279904450001526,2.5454545454545454,sgn,0.7766930034307843,1,0.22330699656921568
-0.36010591393836505,1.2738588276912788,2.0517717198703105,1.6927973608959515,2.5454545454545454,gaussian,0.717948717948718,1,0.28205128205128205
0.7087275474306631,0.3984820645673395,1.0283928039558279,0.8174205977720121,2.6363636363636367,abs,0.8399521194467605,1,0.1600478805532395
0.8148878646367428,0.21567952616813613,0.9222324867497482,0.6346180593728088,2.6363636363636367,sgn,0.7818097447485287,1,0.21819025525147126
-0.3273102724759646,1.282992090657783,2.0644306238624557,1.7019306238624556,2.6363636363636367,gaussian,0.7250000000000001,1,0.27499999999999997
0.7471057767545838,0.41001713270155593,1.0354691200864528,0.8289556659062286,2.7272727272727275,abs,0.8485568002678356,1,0.15144319973216439
0.8505366165248924,0.22223414978811817,0.932038280316144,0.6411726829927908,2.7272727272727275,sgn,0.7866985619628744,1,0.21330143803712567
-0.2942020333166048,1.2919847384163832,2.0767769301576413,1.710923271621056,2.7272727272727275,gaussian,0.7317073170731707,1,0.26829268292682923
0.7858577237966348,0.4209043343912463,1.0421717184989472,0.8398428675959191,2.8181818181818183,abs,0.8564117832301091,1,0.14358821676989086
0.8864026771242943,0.22871466458057288,0.9416267651712875,0.6476531977852455,2.8181818181818183,sgn,0.791373597338938,1,0.20862640266106208
-0.26079626365158987,1.30083955369488,2.0888257059471718,1.7197780868995527,2.8181818181818183,gaussian,0.7380952380952381,1,0.2619047619047619
0.8249513897373545,0.4312029179358804,1.0485325980127729,0.8501414511405533,2.909090909090909,abs,0.863606086525349,1,0.13639391347465096
0.9224766309076702,0.23512041064770894,0.9510073568424571,0.6540589438523816,2.909090909090909,sgn,0.7958479660693232,1,0.20415203393067685
-0.22710696690214144,1.3095593981917821,2.1005909546522687,1.7284979313964548,2.909090909090909,gaussian,0.7441860465116279,1,0.2558139534883721
0.8643585111368621,0.4409647169927966,1.0545800220678105,0.8599032501974694,3.0,abs,0.8702154854197726,1,0.12978451458022744
0.9587496364894451,0.2414511039058148,0.9601888967152277,0.6603896371104876,3.0,sgn,0.8001338269301732,1,0.19986617306982674
-0.19314718055994534,1.3181471805599454,2.112085713764618,1.737085713764618,3.0,gaussian,0.75,1,0.25
0.9040540136802896,0.4502353177658872,1.0603390649789286,0.86917385097056,3.090909090909091,abs,0.8763048615239968,1,0.12369513847600322
0.9952133847392058,0.2477067679970001,0.9691796939200124,0.6666453012016731,3.090909090909091,sgn,0.8042424517704863,1,0.1957575482295137
-0.158929063031429,1.3266058307081967,2.123322141690647,1.7455443639128694,3.090909090909091,gaussian,0.7555555555555555,1,0.24444444444444444
0.9440155605116246,0.45905500517870823,1.065832063602139,0.877993538383381,3.1818181818181817,abs,0.881930069862495,1,0.11806993013750502
1.031860059998722,0.253887677902652,0.9779875641150415,0.6728262111073244,3.1818181818181817,sgn,0.8081842923951493,1,0.1918157076048507
-0.12446397093627132,1.3349382792366666,2.134311595050035,1.7538768124413393,3.1818181818181817,gaussian,0.7608695652173914,1,0.2391304347826087
0.9842231772079242,0.4674595389870675,1.071078992360385,0.88639807219174,3.272727272727273,abs,0.887139437674717,1,0.11286056232528296
1.06868230426283,0.259994313170975,0.9866198653054792,0.6789328463756477,3.272727272727273,sgn,0.8119690439873252,1,0.1880309560126748
-0.08976252809220736,1.3431474410515885,2.1450646976605166,1.7620859742562613,3.272727272727273,gaussian,0.7659574468085106,1,0.23404255319148934
1.0246589388310001,0.4754807929053513,1.0760977761918544,0.894419326110024,3.3636363636363638,abs,0.8919749756270197,1,0.10802502437298031
1.1056731841552974,0.26602731906186605,0.9950835308675572,0.6849658522665387,3.3636363636363638,sgn,0.8156057046156107,1,0.1843942953843894
-0.054834687236578084,1.3512362023880933,2.1555914022594327,1.770174735592766,3.3636363636363638,gaussian,0.7708333333333333,1,0.22916666666666669
1.065306705274722,0.4831472860156427,1.080904555202678,0.9020858192203154,3.4545454545454546,abs,0.8964733633786323,1,0.10352663662136777
1.1428261605166967,0.27198747422711045,1.0033850999607032,0.6909260074317831,3.4545454545454546,sgn,0.8191026306411515,1,0.18089736935884848
-0.01968978538340077,1.3592074106153118,2.165901045860801,1.7781459438199845,3.4545454545454546,gaussian,0.7755102040816326,1,0.22448979591836732
1.1061518981476435,0.490484628702649,1.085513907784302,0.9094231619073215,3.5454545454545454,abs,0.9006667587360624,1,0.09933324126393767
1.1801350604172236,0.27787566379772954,1.0115307455147218,0.6968141970024024,3.5454545454545454,sgn,0.8224675880186916,1,0.17753241198130837
0.015663406412384895,1.367063866314888,2.1760023995195605,1.7860023995195604,3.5454545454545454,gaussian,0.78,1,0.22000000000000003
1.1471813105088515,0.497515894375,1.0899390408776393,0.9164544275796725,3.6363636363636362,abs,0.9045834626861183,1,0.09541653731388171
1.2175940514099741,0.2836928569551951,1.0195262999765167,0.7026313901598675,3.6363636363636362,sgn,0.8257077996008431,1,0.174292200399157
0.05121663821884043,1.3748083172178798,2.1859037131676504,1.7937468504225524,3.6363636363636362,gaussian,0.7843137254901961,1,0.2156862745098039
1.1883829462159845,0.5042619358765346,1.094191950625052,0.9232004690812072,3.7272727272727275,abs,0.908248473317937,1,0.09175152668206299
1.2551976178469044,0.2894400882290469,1.027377278994132,0.7083786214337195,3.7272727272727275,sgn,0.8288299886261201,1,0.17117001137387985
0.08696214074483516,1.3824434536607593,2.1956127560962013,1.8013819868654322,3.7272727272727275,gaussian,0.7884615384615384,1,0.21153846153846154
1.2297458773065872,0.5107416598433072,1.0982835649889946,0.9296801930479798,3.8181818181818183,abs,0.911683948030897,1,0.08831605196910298
1.2929405390889315,0.29511844189790204,1.0350889032066504,0.7140569751025747,3.8181818181818183,sgn,0.8318404186121509,1,0.16815958138784917
0.1228925887140338,1.389971905282536,2.205136853581548,1.8089104384872086,3.8181818181818183,gaussian,0.7924528301886793,1,0.20754716981132074
1.271260126833104,0.5169722486069042,1.1022238609170232,0.9359107818115767,3.909090909090909,abs,0.9149095874344227,1,0.08509041256557724
1.3308178694522161,0.3007290389801165,1.0426661182979111,0.7196675721847892,3.909090909090909,sgn,0.834744929895612,1,0.16525507010438795
0.15900106766250272,1.3973962387348038,2.2144829200876246,1.8163347719394765,3.909090909090909,gaussian,0.7962962962962963,1,0.2037037037037037
1.3129165639825309,0.5229693581042261,1.1060219692221418,0.9419078913088988,4.0,abs,0.9179429610433785,1,0.08205703895662148
1.368824919743829,0.30627302638943354,1.0501136134608438,0.7252115595941062,4.0,sgn,0.8375489730666312,1,0.1624510269333688
0.1952810437829498,1.4047189562170503,2.223657489421723,1.823657489421723,4.0,gaussian,0.8,1,0.2
1.354706813088137,0.5287473118812225,1.109686265571081,0.9476858450858953,4.090909090909091,abs,0.9207997944294647,1,0.07920020557053528
1.406957240251243,0.3117515679036782,1.0574358384079752,0.7306901011083509,4.090909090909091,sgn,0.8402576395424058,1,0.15974236045759413
0.23172633648615598,1.4119424946826753,2.232666742173062,1.830881027887348,4.090909090909091,gaussian,0.8035714285714286,1,0.19642857142857142
1.3966231755692065,0.5343191975035955,1.113224448544557,0.9532577307082681,4.181818181818182,abs,0.9234941784261227,1,0.07650582157387731
1.4452106050609923,0.31716583665421516,1.0646370190527712,0.7361043698588878,4.181818181818182,sgn,0.8428756895159688,1,0.1571243104840312
0.2683310933910011,1.419069225588265,2.2415165307227625,1.838007758792938,4.181818181818182,gaussian,0.8070175438596491,1,0.1929824561403509
1.4386585607219433,0.5396970476131246,1.116643608846366,0.9586355808177973,4.272727272727273,abs,0.9260387953908827,1,0.07396120460911729
1.483580997592345,0.32251700889274537,1.0717211719759643,0.741455542097418,4.272727272727273,sgn,0.8454075775036592,1,0.15459242249634075
0.30508976748961253,1.4261014550809206,2.250212402078697,1.8450399882855935,4.272727272727273,gaussian,0.8103448275862069,1,0.1896551724137931
1.4808064251370823,0.5448919229307863,1.119950289885772,0.9638304561354587,4.363636363636363,abs,0.9284450761977731,1,0.07155492380222694
1.5220645972416404,0.32780625883243086,1.0786921177812139,0.7467447920371034,4.363636363636363,sgn,0.8478574757006161,1,0.15214252429938396
0.3419970962645072,1.4330414245367256,2.258759618758347,1.851979957741398,4.363636363636363,gaussian,0.8135593220338984,1,0.1864406779661017
1.5230607195116361,0.5499140155273832,1.123150540965764,0.9688525487320561,4.454545454545455,abs,0.9307233504256821,1,0.0692766495743179
1.560657767042125,0.3330347543934631,1.085553493435275,0.7519732875981359,4.454545454545455,sgn,0.8502292953384273,1,0.1497707046615727
0.3790480825608627,1.4398913113785314,2.2671631779165375,1.8588298445832043,4.454545454545455,gaussian,0.8166666666666667,1,0.18333333333333332
1.565415841526861,0.5547727392806221,1.126249964405084,0.9737112724852948,4.545454545454545,abs,0.9328829755552928,1,0.0671170244447073
1.5993570422526044,0.3382036537108659,1.0923087636793407,0.7571421869155384,4.545454545454545,sgn,0.852526706223927,1,0.14747329377607304
0.4162379770398022,1.4466532301136998,2.275427828892143,1.8655917633183725,4.545454545454545,gaussian,0.819672131147541,1,0.18032786885245902
1.6078665941328156,0.5594768018870611,1.1292537572536754,0.9784153350917335,4.636363636363637,abs,0.9349324453419074,1,0.06506755465809257
1.6381591197960241,0.34331410228504655,1.0989612315904669,0.7622526354897191,4.636363636363637,sgn,0.8547531546232069,1,0.14524684537679314
0.4535622620584579,1.4533292335427155,2.283558089328033,1.8722677667473882,4.636363636363637,gaussian,0.8225806451612904,1,0.17741935483870966
1.6504081485170676,0.5640342687922337,1.1321667483239688,0.9829728019969063,4.7272727272727275,abs,0.9368794842462428,1,0.06312051575375721
1.6770608484762048,0.3483672306746608,1.1055140483648316,0.7673057638793337,4.7272727272727275,sgn,0.8569118796407509,1,0.14308812035924912
0.49101663683978286,1.4599213140981682,2.2915582600012536,1.878859847302841,4.7272727272727275,gaussian,0.8253968253968254,1,0.1746031746031746
1.6930360113276692,0.5684526299031933,1.1349934309679126,0.9873911631078662,4.818181818181818,abs,0.9387311340958298,1,0.06126886590417019
1.7160592199075104,0.3533641526471425,1.1119702223880714,0.772302685851815,4.818181818181818,sgn,0.8590059282302333,1,0.14099407176976678
0.5285970038102588,1.4664314052806504,2.299432438485323,1.885369938485323,4.818181818181818,gaussian,0.828125,1,0.171875
1.7357459949714542,0.5727388477196445,1.137737992778673,0.9916773809243171,4.909090909090909,abs,0.9404938248000771,1,0.05950617519992281
1.7551513600980782,0.3583059637155048,1.118332627652049,0.7772444969201774,4.909090909090909,sgn,0.8610381689610893,1,0.1389618310389107
0.5662994559968215,1.4728613831640174,2.3071845317533057,1.8917999163686903,4.909090909090909,gaussian,0.8307692307692307,1,0.16923076923076924
1.7785341914437467,0.5768994011011781,1.140404341760926,0.9958379343058509,5.0,abs,0.94217343701797,1,0.057826562982030025
1.7943345216326994,0.36319374000103766,1.1246040115719733,0.7821322732057103,5.0,sgn,0.8630113046534948,1,0.1369886953465052
0.6041202653859723,1.4792130679473612,2.3148182678187004,1.8981516011520339,5.0,gaussian,0.8333333333333334,1,0.16666666666666666
1.8213969487570194,0.5809403353369322,1.1429961299021987,0.999878868541605,5.090909090909091,abs,0.9437753616083382,1,0.0562246383916618
1.8336060764062314,0.3680285373708554,1.1307870022529867,0.7869670705755282,5.090909090909091,sgn,0.8649278839838556,1,0.1350721160161444
0.6420558721582479,1.4854882255351036,2.32233720650097,1.9044267587397763,5.090909090909091,gaussian,0.835820895522388,1,0.16417910447761194
1.864330849262593,0.584867293680142,1.1455167748511705,1.003805826884815,5.181818181818182,abs,0.9453045463989505,1,0.05469545360104953
1.8729635088629188,0.37281139080699255,1.1368841152508447,0.791749924011665,5.181818181818182,sgn,0.8667903121532992,1,0.1332096878467009
0.6801028747202227,1.4916885691300448,2.329744749393541,1.9106271023347172,5.181818181818182,gaussian,0.8382352941176471,1,0.16176470588235295
1.9073326926674439,0.5886855506909618,1.147969476900865,1.0076240838956345,5.2727272727272725,abs,0.9467655405842229,1,0.05323445941577706
1.9124044097009476,0.37754331397035146,1.1428977598673613,0.796481847175024,5.2727272727272725,sgn,0.8686008607029065,1,0.13139913929709346
0.7182580204641917,1.4978157608269806,2.337044149104117,1.9167542940316533,5.2727272727272725,gaussian,0.8405797101449275,1,0.15942028985507248
1.950399474727741,0.5924000465906045,1.1503572402951134,1.0113385797952772,5.363636363636363,abs,0.9481625333729424,1,0.051837466627057585
1.9519264700051957,0.3822252989283432,1.1488302450176586,0.801163832133016,5.363636363636363,sgn,0.8703616765514892,1,0.1296383234485108
0.7565181971926873,1.503871413196923,2.344238517830167,1.9228099464015957,5.363636363636363,gaussian,0.8428571428571429,1,0.15714285714285714
1.9935283756211366,0.5960154102209352,1.1526828848562636,1.0149539434256076,5.454545454545455,abs,0.9494993881420929,1,0.05050061185790715
1.9915274757744537,0.3868583160196932,1.1546837847029465,0.8057968492243659,5.454545454545455,sgn,0.8720747903245205,1,0.12792520967547955
0.7948804251512551,1.5098570908538669,2.351330835326145,1.9287956240585395,5.454545454545455,gaussian,0.8450704225352113,1,0.15492957746478872
2.0367167439790204,0.59953598679928,1.1549490619529252,1.0184745200039529,5.545454545454546,abs,0.9507796733954526,1,0.04922032660454742
2.0312053028122827,0.3914433138339306,1.1604605031196629,0.8103818470386033,5.545454545454546,sgn,0.8737421240363392,1,0.12625787596366084
0.8333418496184306,1.5157743119977312,2.358323956313515,1.9347128452024038,5.545454545454546,gaussian,0.8472222222222222,1,0.15277777777777776
2.0799620844241726,0.6029658581621238,1.1571582669623184,1.0219043913667964,5.636363636363637,abs,0.9520066893048148,1,0.04799331069518523
2.070957911953474,0.3959812192863348,1.166162439433017,0.8149197524910073,5.636363636363637,sgn,0.8753654981818676,1,0.12463450181813245
0.8718997340068078,1.5216245499284353,2.3652206173796833,1.940563083133108,5.636363636363637,gaussian,0.8493150684931507,1,0.1506849315068493
2.1232620459590756,0.6063088635723948,1.1593128508819608,1.0252473967770674,5.7272727272727275,abs,0.9531834922173388,1,0.04681650778266117
2.1107833446003803,0.4004729377720655,1.1717915522406561,0.8194114709767382,5.7272727272727275,sgn,0.8769466382887906,1,0.12305336171120941
0.910551453433464,1.5274092345272239,2.3720234434075724,1.9463477677318968,5.7272727272727275,gaussian,0.8513513513513513,1,0.14864864864864866
2.166614411388322,0.60956861758542,1.1614150309072597,1.0285071507900927,5.818181818181818,abs,0.9543129162097238,1,0.04568708379027619
2.1506797185457236,0.4049193533855271,1.1773497237498582,0.8238578865902001,5.818181818181818,sgn,0.8784871809763675,1,0.12151281902363248
0.949294488721939,1.5331297537023034,2.378734953573643,1.952068286906976,5.818181818181818,gaussian,0.8533333333333333,1,0.14666666666666667
2.2100170877306793,0.6127485280467857,1.163466900019448,1.0316870612514586,5.909090909090909,abs,0.9553975930323728,1,0.04460240696762714
2.1906452240603658,0.40932132919317166,1.1828387636897615,0.8282598623978443,5.909090909090909,sgn,0.8799886795627357,1,0.12001132043726428
0.9881264208014744,1.5387874547966116,2.385357566948653,1.9577259880012845,5.909090909090909,gaussian,0.8552631578947368,1,0.14473684210526316
2.2534680969875662,0.6158518099987846,1.1654704362171064,1.0347903432034575,6.0,abs,0.9564399689954504,1,0.04356003100454964
2.2306781202264454,0.4136797075496248,1.1882604129782273,0.8326182407542976,6.0,sgn,0.8814526092586901,1,0.1185473907413099
1.0270449254723433,1.5443836459562283,2.3918936077323294,1.9633221791609008,6.0,gaussian,0.8571428571428572,1,0.14285714285714285
2.2969655695258573,0.6188814985666982,1.1674275091333608,1.0378200317713708,6.090909090909091,abs,0.9574423208662123,1,0.042557679133787746
2.270776731497833,0.41799531044857074,1.193616347161385,0.8369338436532436,6.090909090909091,sgn,0.8828803719824013,1,0.11711962801759865
1.066047768508935,1.5499195974584312,2.398345310150283,1.9688581306631037,6.090909090909091,gaussian,0.858974358974359,1,0.14102564102564102
2.340507734028498,0.6218404643557807,1.1693398900852654,1.0407789975604536,6.181818181818182,abs,0.958406770065502,1,0.04159322993449798
2.3109394444714377,0.4222689399010906,1.1989081796423258,0.8412074731057632,6.181818181818182,sgn,0.8842733008264062,1,0.1157266991735938
1.1051328010747654,1.5553965429988823,2.404714823038998,1.974335076203555,6.181818181818182,gaussian,0.8607594936708861,1,0.13924050632911392
2.3840929134354747,0.6247314222665956,1.1712092561328342,1.0436699554712683,6.2727272727272725,abs,0.9593352954412399,1,0.04066470455876017
2.351164704854193,0.42650137833523916,1.2041374647141159,0.845439911539912,6.2727272727272725,sgn,0.8856326642053263,1,0.11436733579467367
1.1442979554258805,1.5608156809377558,2.4110042141424284,1.9797542141424285,6.2727272727272725,gaussian,0.8625,1,0.1375
2.4277195173595856,0.6275569426081034,1.1730371976632692,1.0464954758127758,6.363636363636364,abs,0.9602297445612735,1,0.039770255438726504
2.3914510146118153,0.4306933890116045,1.2093057004110395,0.8496319222162771,6.363636363636364,sgn,0.8869596697102176,1,0.11304033028978246
1.1835412408811479,1.5661781755049358,2.417215474141707,1.985116708709608,6.363636363636364,gaussian,0.8641975308641976,1,0.13580246913580246
2.4713860365648337,0.6303194637590712,1.1748252239125665,1.0492579969637439,6.454545454545455,abs,0.9610918451707874,1,0.038908154829212636
2.431796929286544,0.4348457164503552,1.2144143311908562,0.853784249655028,6.454545454545455,sgn,0.8882554676931237,1,0.11174453230687634
1.2228607400397862,1.5714851579646485,2.423350520437614,1.9904236911693214,6.454545454545455,gaussian,0.8658536585365854,1,0.13414634146341461
2.515091037477421,0.6330212968313651,1.1765747684545245,1.0519598300360375,6.545454545454546,abs,0.9619232132610179,1,0.038076786738982106
2.472201055472092,0.43895908686602736,1.2194647504598537,0.8578976200707,6.545454545454546,sgn,0.8895211546033142,1,0.11047884539668584
1.2622546052281591,1.5767377277400776,2.4294112007037865,1.9956762609447503,6.545454545454546,gaussian,0.8674698795180723,1,0.1325301204819277
2.5588331587875572,0.6356646350841495,1.1782871925989338,1.0546031682888224,6.636363636363637,abs,0.9627253625366787,1,0.037274637463321256
2.5126620484349824,0.44303420860681353,1.2244583029515086,0.8619727418114861,6.636363636363637,sgn,0.8907577760947878,1,0.10924222390521225
1.3017210551593466,1.5819369534986625,2.4353992962271445,2.0008754867033347,6.636363636363637,gaussian,0.8690476190476191,1,0.13095238095238096
2.602611104092449,0.6382515638317328,1.1799637927485875,1.0571900970364054,6.7272727272727275,abs,0.9634997120855675,1,0.03650028791443255
2.553178609872264,0.44707177259571207,1.2293962869687722,0.8660103058003846,6.7272727272727275,sgn,0.8919663299229118,1,0.1080336700770882
1.3412583717903908,1.5870838741989144,2.4413165250506457,2.006022407403587,6.7272727272727275,gaussian,0.8705882352941177,1,0.12941176470588234
2.646423640658142,0.640784064511482,1.1816058016374398,1.0597225977161544,6.818181818181818,abs,0.964247593516423,1,0.03575240648357707
2.5937494857964194,0.4510724527712435,1.2342799564991624,0.8700109859759162,6.818181818181818,sgn,0.8931477686465145,1,0.10685223135348558
1.3808648973633404,1.592179500099662,2.4471645449322414,2.0111180333043346,6.818181818181818,gaussian,0.872093023255814,1,0.12790697674418605
2.690269594157196,0.64326402249768,1.1832143935929311,1.0622025557023527,6.909090909090909,abs,0.9649702574527272,1,0.035029742547272744
2.63437346453897,0.4550369065258475,1.2391105232111572,0.8739754397305202,6.909090909090909,sgn,0.8943030021503419,1,0.10569699784965811
1.420539031617348,1.5972248137327045,2.452944956132779,2.0161633469373768,6.909090909090909,gaussian,0.8735632183908046,1,0.12643678160919541
2.7341478453147565,0.645693231914882,1.1847906878899161,1.064631765119555,7.0,abs,0.9656688792084682,1,0.0343311207915318
2.6750493748648942,0.458965775140431,1.2438891583397784,0.8779043083451037,7.0,sgn,0.8954329000015215,1,0.10456709999847849
1.4602792291600823,1.6022207708399177,2.4586593040445903,2.0211593040445903,7.0,gaussian,0.875,1,0.125
2.7780573266832898,0.6480734051777404,1.1863357519759283,1.067011938382413,7.090909090909091,abs,0.9663445653967008,1,0.03365543460329919
2.7157760841906393,0.46285968421373047,1.2486169944685788,0.881798217418403,7.090909090909091,sgn,0.8965382936525146,1,0.10346170634748547
1.500083996987661,1.6071683012758733,2.464309081671557,2.026106834480546,7.090909090909091,gaussian,0.8764044943820225,1,0.12359550561797754
2.821997019268787,0.6504061721361936,1.1878506048449764,1.0693447053408658,7.181818181818182,abs,0.9669983571001212,1,0.033001642899878884
2.756552496898993,0.46671924408544774,1.2532951272147703,0.8856577772901204,7.181818181818182,sgn,0.8976199785019963,1,0.10238002149800376
1.5399518921431437,1.612068309877058,2.46989573197062,2.031006843081731,7.181818181818182,gaussian,0.8777777777777778,1,0.12222222222222222
2.865965951431084,0.6526930872089576,1.1893362181372251,1.07163162041363,7.2727272727272725,abs,0.9676312356260114,1,0.032368764373988654
2.7973775527446003,0.4705450502523121,1.2579246168237086,0.889483583456985,7.2727272727272725,sgn,0.8986787158241509,1,0.10132128417584901
1.5798815195043963,1.6169216772988002,2.4754206500639127,2.0358602105034733,7.2727272727272725,gaussian,0.8791208791208791,1,0.12087912087912087
2.909963191291875,0.6549356377538147,1.1907935237309797,1.0738741709584874,7.363636363636364,abs,0.9682441264074713,1,0.03175587359252878
2.8382502253443715,0.4743376837763158,1.2625064896784832,0.8932762169809886,7.363636363636364,sgn,0.8997152345759891,1,0.10028476542401088
1.6198715296928472,1.6217292608209872,2.4808851853300076,2.0406677940256595,7.363636363636364,gaussian,0.8804347826086957,1,0.11956521739130435
2.9539878550899408,0.6571352373204724,1.1922234053874594,1.0760737705251453,7.454545454545455,abs,0.9688379028418181,1,0.031162097158181842
2.8791695207474355,0.4780977116847267,1.2670417397299647,0.8970362448893996,7.454545454545455,sgn,0.9007302330915556,1,0.0992697669084443
1.6599206170952847,1.6264918951236793,2.4862906433821155,2.045430428328352,7.454545454545455,gaussian,0.8817204301075269,1,0.11827956989247311
2.998039088605551,0.6592932457239309,1.1936267173263948,1.0782317789286036,7.545454545454546,abs,0.9694133898222722,1,0.0305866101777278
2.9201344760796895,0.4818256873612734,1.2715313298522561,0.9007642205659461,7.545454545454546,sgn,0.9017243806710985,1,0.09827561932890146
1.7000275179914563,1.631210393033689,2.4916382879404892,2.0501489262383616,7.545454545454546,gaussian,0.8829787234042553,1,0.11702127659574467
3.0421160798520677,0.6614109565653998,1.1950042715344233,1.0803494897700723,7.636363636363637,abs,0.9699713666807652,1,0.03002863331923482
2.9611441582583398,0.4855221509283325,1.2759761931281512,0.904460684133005,7.636363636363637,sgn,0.9026983190726998,1,0.09730168092730021
1.7401910087807333,1.6358855462431903,2.4969293426057577,2.054824079447863,7.636363636363637,gaussian,0.8842105263157894,1,0.11578947368421053
3.086218049735993,0.6634896128079806,1.1963568471050436,1.0824281460126532,7.7272727272727275,abs,0.9705125714819696,1,0.029487428518030455
3.002197662772149,0.48918762961985873,1.2803772340688875,0.9081261628245314,7.7272727272727275,sgn,0.9036526639132255,1,0.0963473360867745
1.780409904301631,1.6405181260013992,2.5021649925394054,2.059456659206072,7.7272727272727275,gaussian,0.8854166666666666,1,0.11458333333333334
3.1303442519509423,0.6655304006790836,1.1976851903446395,1.0844689338837563,7.818181818181818,abs,0.971037701835588,1,0.028962298164411964
3.043294112523437,0.49282263814490346,1.2847353297721447,0.911761171349576,7.818181818181818,sgn,0.9045880059849243,1,0.0954119940150757
1.820683056238403,1.645108883780341,2.5073463860571787,2.0640474169850136,7.818181818181818,gaussian,0.8865979381443299,1,0.1134020618556701
3.1744939709733098,0.6675344576393325,1.1989900167768175,1.0864729908440052,7.909090909090909,abs,0.9715474187296337,1,0.028452581270366307
3.0844326567281106,0.49642767904169105,1.2890513310220166,0.9153662122463639,7.909090909090909,sgn,0.9055049124935131,1,0.0944950875064869
1.8610093516093538,1.6496585519156928,2.5124746361407735,2.0685970851203654,7.909090909090909,gaussian,0.8877551020408163,1,0.11224489795918366
3.218666520550619,0.6695028738108681,1.2002720126540538,1.0884414070155408,8.0,abs,0.9720423485903718,1,0.02795765140962825
3.125612469870295,0.5000032430220864,1.2933260633343777,0.9189417762267593,8.0,sgn,0.9064039282230953,1,0.0935960717769046
1.9013877113318904,1.654167844223665,2.5175508218727822,2.0731063774283376,8.0,gaussian,0.8888888888888888,1,0.1111111111111111
3.2628612421376393,0.6714366945264012,1.2015318365215784,1.090375227731074,8.09090909090909,abs,0.9725230854675158,1,0.02747691453248419
3.1668327507083385,0.5035498093068158,1.2975603279508792,0.9224883425114885,8.09090909090909,sgn,0.9072855766329596,1,0.09271442336704039
1.9418170888596848,1.6586374565948603,2.522575989799533,2.077575989799533,8.09090909090909,gaussian,0.89,1,0.11000000000000001
3.3070775035773967,0.6733369225805808,1.2027701205363668,1.0922754557852539,8.181818181818182,abs,0.972990193060839,1,0.02700980693916096
3.2080927213292254,0.5070678459510809,1.301754902784538,0.9260063791557536,8.181818181818182,sgn,0.9081503608907415,1,0.09184963910925846
1.9822964688876463,1.663068067565999,2.527551155226117,2.0820066007706717,8.181818181818182,gaussian,0.8910891089108911,1,0.10891089108910891
3.3513146976447,0.6752045204830623,1.2039874719236092,1.0941430536877348,8.272727272727273,abs,0.973444206580338,1,0.026555793419661952
3.249391626248572,0.5105578101609716,1.3059105433197375,0.9294963433656442,8.272727272727273,sgn,0.9089987648462632,1,0.09100123515373683
2.0228248661206867,1.6674603388704012,2.5324773034476227,2.0863988720750735,8.272727272727273,gaussian,0.8921568627450981,1,0.10784313725490195
3.395572240832831,0.6770404125871017,1.2051844741900233,1.0959789457917737,8.363636363636363,abs,0.9738856345134621,1,0.026114365486537932
3.290728731553619,0.5140201486006903,1.3100279834692352,0.9329586818053628,8.363636363636363,sgn,0.9098312539499436,1,0.09016874605005644
2.063401324102549,1.67181491596806,2.5373553909203053,2.090753449172732,8.363636363636363,gaussian,0.8932038834951457,1,0.10679611650485438
3.4398495720338933,0.678845486028663,1.2063616884435069,1.097784019233336,8.454545454545455,abs,0.9743149599717875,1,0.025685040028212508
3.3321033240867903,0.5174552976907374,1.3141079363906099,0.9363938308954103,8.454545454545455,sgn,0.9106482761194151,1,0.08935172388058484
2.104024914101226,1.6761324285561168,2.542186346376174,2.0950709617607894,8.454545454545455,gaussian,0.8942307692307693,1,0.10576923076923077
3.4841461514085212,0.6806205968513108,1.2075196545234248,1.0995591300559833,8.545454545454547,abs,0.9747326432097477,1,0.025267356790252264
3.3735147106675054,0.5208636838972533,1.3181510952644406,0.9398022171019259,8.545454545454547,sgn,0.9114502625577093,1,0.08854973744229067
2.144694734047697,1.6804134910605288,2.546971071884249,2.099352024265201,8.545454545454547,gaussian,0.8952380952380953,1,0.10476190476190475
3.5284614607890292,0.6823665637328507,1.2086588905974618,1.1013050969375235,8.636363636363637,abs,0.9751391214682248,1,0.024860878531775158
3.4149622173501726,0.5242457240126512,1.3221581340363184,0.943184257217324,8.636363636363637,sgn,0.9122376285261276,1,0.08776237147387239
2.18540990752497,1.6846587031096782,2.551710443861521,2.103597236314351,8.636363636363637,gaussian,0.8962264150943396,1,0.10377358490566037
3.5727949993657444,0.6840841771043773,1.2097798974752916,1.10302271030905,8.727272727272727,abs,0.9755348112744029,1,0.02446518872559706
3.4564451887163066,0.527601825427793,1.3261297081247294,0.9465403586324656,8.727272727272727,sgn,0.9130107740746896,1,0.08698922592531047
2.2261695828045958,1.688868649990646,2.5564053140364402,2.1078071831953187,8.727272727272727,gaussian,0.897196261682243,1,0.10280373831775702
3.617146286198107,0.6857741970589828,1.2108831560974749,1.1047127302636548,8.818181818181818,abs,0.9759201096047007,1,0.02407989039529938
3.497962987198957,0.5309323863958402,1.3300664550966248,0.9498709196005127,8.818181818181818,sgn,0.9137700847328406,1,0.08622991526715944
2.2669729319279845,1.6930439030888507,2.5610565103675973,2.1119824362935233,8.818181818181818,gaussian,0.8981481481481481,1,0.10185185185185185
3.6615148575594594,0.6874373551227899,1.2119691301906683,1.1063758883274628,8.90909090909091,abs,0.9762953946837701,1,0.02370460531622982
3.5395149924376783,0.5342377962880196,1.3339689953124494,0.953176329492692,8.90909090909091,sgn,0.9145159321629116,1,0.08548406783708838
2.307819149830068,1.6971850203117174,2.5656648379200595,2.1161235535163896,8.90909090909091,gaussian,0.8990825688073395,1,0.10091743119266054
3.7059002657650506,0.6890743568864535,1.213038267439622,1.108012890091126,9.0,abs,0.9766610272558898,1,0.023338972744110245
3.5811006006623685,0.5375184358415415,1.3378379325423042,0.9564569690462137,9.0,sgn,0.9152486747786466,1,0.08475132522135345
2.348707453502977,1.7012925464970228,2.5702310797016956,2.1202310797016954,9.0,gaussian,0.9,1,0.1
3.750302082642375,0.6906858788394183,1.2140909960168433,1.1096244120440906,9.090909090909092,abs,0.9770173515259944,1,0.022982648474005603
3.6227192241045243,0.5407746773997939,1.3416738545546942,0.9597132106044668,9.090909090909092,sgn,0.91596865833095,1,0.08403134166905002
2.3896370811975642,1.7053670138065313,2.5747559974616543,2.124305547011204,9.090909090909092,gaussian,0.9009009009009009,1,0.09909909909909909
3.7947198899174004,0.6922725760800845,1.215127734196363,1.1112111092847574,9.181818181818182,abs,0.9773646955638087,1,0.02263530443619132
3.6643702904343582,0.5440068851451363,1.3454773336794053,0.962945418349809,9.181818181818182,sgn,0.9166762164628602,1,0.08332378353713978
2.430607291660729,1.709408942105505,2.5792403324530344,2.128347475310177,9.181818181818182,gaussian,0.9017857142857143,1,0.09821428571428571
3.839153287074887,0.6938350855669277,1.2161488824934223,1.1127736187716004,9.272727272727273,abs,0.9777033744913718,1,0.022296625508628237
3.706053242222515,0.5472154153244131,1.3492489273457942,0.9661539485290855,9.272727272727273,sgn,0.9173716712356119,1,0.08262832876438814
2.4716173634066516,1.713418839328666,2.5836848061616577,2.132357372533339,9.272727272727273,gaussian,0.9026548672566371,1,0.09734513274336283
3.8836018881419427,0.6953740103492567,1.2171548268809116,1.1143125435539292,9.363636363636363,abs,0.9780336870563727,1,0.021966312943627324
3.7477675364250613,0.5504006164674475,1.352989178597793,0.9693391496721201,9.363636363636363,sgn,0.9180553336275261,1,0.08194466637247383
2.512666594020119,1.7173972018331507,2.588090121002735,2.136335735037823,9.363636363636363,gaussian,0.9035087719298246,1,0.09649122807017545
3.9280653184125596,0.6968899405428299,1.2181459420648406,1.1158284737475028,9.454545454545455,abs,0.97835592016364,1,0.021644079836359926
3.7895126438905695,0.5535628295987189,1.3566986165868307,0.9725013628033914,9.454545454545455,sgn,0.9187275040073494,1,0.0812724959926506
2.5537542994902878,1.7213445147389614,2.5924569609871124,2.140283047943634,9.454545454545455,gaussian,0.9043478260869565,1,0.09565217391304347
3.972543217207809,0.6983834431064029,1.2191225887241361,1.1173219763110755,9.545454545454545,abs,0.9786703478753587,1,0.021329652124641284
3.8312880488881635,0.556702388442412,1.3603777570437816,0.9756409216470843,9.545454545454545,sgn,0.9193884725835492,1,0.08061152741645086
2.5948798135732756,1.7252612522574453,2.5967859923586696,2.144199785462118,9.545454545454545,gaussian,0.9051724137931034,1,0.09482758620689656
4.0170352357364925,0.6998550665877898,1.2200851156499986,1.1187935997924625,9.636363636363637,abs,0.9789772325578698,1,0.02102276744213014
3.8730932486554703,0.5598196196210683,1.3640271027310207,0.978758152825741,9.636363636363637,sgn,0.9200385198309797,1,0.0799614801690203
2.6360424871821255,1.7291478780082397,2.6010778642043655,2.1480864112129123,9.636363636363637,gaussian,0.905982905982906,1,0.09401709401709402
4.061541036896291,0.7013053397748319,1.2210338599447446,1.120243872979505,9.727272727272727,abs,0.9792768251099507,1,0.020723174890049274
3.914927752965464,0.5629148428480262,1.3676471438755722,0.9818533760526991,9.727272727272727,sgn,0.9206779168962317,1,0.0793220831037683
2.677241687802716,1.7330048453251732,2.60533320903832,2.1519433785298454,9.727272727272727,gaussian,0.9067796610169492,1,0.09322033898305085
4.106060289766402,0.7027347804826256,1.2219691525291796,1.121673313687298,9.818181818181818,abs,0.979569366161839,1,0.02043063383816104
3.9567910837112965,0.5659883711138356,1.3712383585842853,0.9849269043185084,9.818181818181818,sgn,0.9213069259828973,1,0.07869307401710271
2.7184767989343297,1.7368325975515373,2.609552643361252,2.15577113075621,9.818181818181818,gaussian,0.907563025210084,1,0.09243697478991597
4.1505926938403,0.7041438676443681,1.2228912939098273,1.1230824008490403,9.90909090909091,abs,0.9798550858042449,1,0.020144914195755165
3.9986827745081888,0.5690405108668593,1.374801213241939,0.9879790440715316,9.90909090909091,sgn,0.9219258007178994,1,0.07807419928210056
2.7597472195536175,1.740631568325171,2.6137367681965102,2.1595701015298436,9.90909090909091,gaussian,0.9083333333333333,1,0.09166666666666666
4.19513792990327,0.705533094088028,1.2238006033014028,1.1244716272927007,10.0,abs,0.9801342047982596,1,0.019865795201740418
4.040602370311563,0.5720715621882437,1.3783361628931092,0.9910100953929165,10.0,sgn,0.9225347864999615,1,0.07746521350003854
2.8010523636008147,1.7444021818537303,2.617886169603858,2.1633407150584034,10.0,gaussian,0.9090909090909091,1,0.09090909090909091
