N,alpha,ensemble_type,mean_prior,mse,mse_ep,mse_se,n_iter_ep,n_iter_se,prior_type
1000,0.020134228187919462,complex_gaussian,-1.0,1.000204581839734,0.9960062898554473,0.9943037792446884,1,4,gaussian
1000,0.040268456375838924,complex_gaussian,-1.0,0.9908540350957284,0.993497883611384,0.9885620948964194,1,5,gaussian
1000,0.060402684563758385,complex_gaussian,-1.0,0.9496016001365659,0.9824897353186268,0.9827844202059444,4,5,gaussian
1000,0.08053691275167785,complex_gaussian,-1.0,0.9878490043548892,0.9839299521851814,0.9769280483084234,1,6,gaussian
1000,0.10067114093959731,complex_gaussian,-1.0,0.9589721325461709,0.9731694807707422,0.9710418510727616,8,6,gaussian
1000,0.12080536912751677,complex_gaussian,-1.0,0.9696430595640035,0.9750296948846533,0.9651026285589059,3,6,gaussian
1000,0.14093959731543623,complex_gaussian,-1.0,0.9429721676066338,0.9690852045943823,0.9591393130073699,2,6,gaussian
1000,0.1610738255033557,complex_gaussian,-1.0,0.9796997219177558,0.9631122988675731,0.9527924990986052,3,7,gaussian
1000,0.18120805369127516,complex_gaussian,-1.0,0.9057080806711649,0.938493032660626,0.9466977159861502,2,7,gaussian
1000,0.20134228187919462,complex_gaussian,-1.0,0.8988682414869015,0.9380904117215496,0.9405443972564846,6,7,gaussian
1000,0.22147651006711408,complex_gaussian,-1.0,0.9455072429662954,0.9365635445065769,0.9343930303461093,2,7,gaussian
1000,0.24161073825503354,complex_gaussian,-1.0,0.8821607887854931,0.9378420177732363,0.9281414013747972,2,7,gaussian
1000,0.261744966442953,complex_gaussian,-1.0,0.9493531206989896,0.9302073610270298,0.9218494356447291,3,8,gaussian
1000,0.28187919463087246,complex_gaussian,-1.0,0.8943293837919418,0.9143751286643431,0.9154838788659464,3,8,gaussian
1000,0.30201342281879195,complex_gaussian,-1.0,0.94517714521997,0.9079153454289542,0.9087889497152203,3,8,gaussian
1000,0.3221476510067114,complex_gaussian,-1.0,0.9331225151115955,0.8931391840392053,0.9022553765780025,9,8,gaussian
1000,0.3422818791946308,complex_gaussian,-1.0,0.9221506006058992,0.8836051800105243,0.8958172895397366,14,9,gaussian
1000,0.3624161073825503,complex_gaussian,-1.0,0.8206793605659023,0.8825841200863075,0.8891695153691901,5,9,gaussian
1000,0.3825503355704698,complex_gaussian,-1.0,0.8926570698182572,0.8904565388035462,0.8825938417134577,4,9,gaussian
1000,0.40268456375838924,complex_gaussian,-1.0,0.8823585148780017,0.8754226133702364,0.8758980678719874,2,9,gaussian
1000,0.42281879194630867,complex_gaussian,-1.0,0.9599715425783716,0.8701895039545383,0.8691363886382258,2,9,gaussian
1000,0.44295302013422816,complex_gaussian,-1.0,0.8720770350212779,0.8675221100102583,0.8623455195105708,3,10,gaussian
1000,0.46308724832214765,complex_gaussian,-1.0,0.8645333688533646,0.8524589456668348,0.8551312837499409,3,10,gaussian
1000,0.4832214765100671,complex_gaussian,-1.0,0.8406572863852982,0.8454975412386307,0.8481991499486133,5,10,gaussian
1000,0.5033557046979865,complex_gaussian,-1.0,0.8483611205742524,0.8397383140982352,0.8412243217869599,3,10,gaussian
1000,0.523489932885906,complex_gaussian,-1.0,0.8492855543702128,0.8270460450301582,0.8341870633774868,4,10,gaussian
1000,0.5436241610738255,complex_gaussian,-1.0,0.7730317150441742,0.821466480271444,0.8270541963856629,4,11,gaussian
1000,0.5637583892617449,complex_gaussian,-1.0,0.8375585838451832,0.8081151817602105,0.8199023519088438,5,11,gaussian
1000,0.5838926174496644,complex_gaussian,-1.0,0.8216125489784328,0.8316934638076754,0.8126828723194847,2,11,gaussian
1000,0.6040268456375839,complex_gaussian,-1.0,0.8441796826978143,0.8010142207506469,0.8050824530783771,4,11,gaussian
1000,0.6241610738255033,complex_gaussian,-1.0,0.8259091492712912,0.8190358328180449,0.7976724875777377,3,11,gaussian
1000,0.6442953020134228,complex_gaussian,-1.0,0.748282622824619,0.7858702294666912,0.7902573377039832,5,12,gaussian
1000,0.6644295302013422,complex_gaussian,-1.0,0.7551922137636464,0.7862799194187101,0.7827591632146547,4,12,gaussian
1000,0.6845637583892616,complex_gaussian,-1.0,0.7635390092280888,0.78375038423278,0.77513133390362,17,12,gaussian
1000,0.7046979865771812,complex_gaussian,-1.0,0.743439293716628,0.7711556044523086,0.7674808414157204,3,12,gaussian
1000,0.7248322147651006,complex_gaussian,-1.0,0.7931789263319114,0.7707402442852304,0.7598164104221206,6,13,gaussian
1000,0.7449664429530201,complex_gaussian,-1.0,0.7936031424897455,0.7673693711742731,0.7519950004631352,3,13,gaussian
1000,0.7651006711409396,complex_gaussian,-1.0,0.7797912399090652,0.7387438510395218,0.7438382354777509,4,13,gaussian
1000,0.785234899328859,complex_gaussian,-1.0,0.7317346013018572,0.7242837768043441,0.7358662339887385,10,13,gaussian
1000,0.8053691275167785,complex_gaussian,-1.0,0.7412201611884254,0.7457282259155387,0.7278968545129834,4,14,gaussian
1000,0.8255033557046979,complex_gaussian,-1.0,0.7287309672528473,0.6975871026817708,0.7198238308540721,6,14,gaussian
1000,0.8456375838926173,complex_gaussian,-1.0,0.7337365903699877,0.7068140031664282,0.7117534443838689,9,14,gaussian
1000,0.8657718120805369,complex_gaussian,-1.0,0.7134254619409863,0.7102397902326923,0.7034820605181927,6,14,gaussian
1000,0.8859060402684563,complex_gaussian,-1.0,0.6399135700688396,0.6898881683691063,0.6953604061235025,8,15,gaussian
1000,0.9060402684563758,complex_gaussian,-1.0,0.7070673389095826,0.6870366730538617,0.6863620379414466,6,15,gaussian
1000,0.9261744966442953,complex_gaussian,-1.0,0.6879738781196594,0.6779634048598301,0.6779099255585131,5,15,gaussian
1000,0.9463087248322147,complex_gaussian,-1.0,0.706199397760983,0.6738788442026762,0.66947728615773,7,15,gaussian
1000,0.9664429530201342,complex_gaussian,-1.0,0.6793608284868449,0.65552423000455,0.660744088300798,7,16,gaussian
1000,0.9865771812080536,complex_gaussian,-1.0,0.6500789481390723,0.6497861467115685,0.6520382457046966,8,16,gaussian
1000,1.006711409395973,complex_gaussian,-1.0,0.6537061362893576,0.6618305637349983,0.6432796739918871,4,16,gaussian
1000,1.0268456375838926,complex_gaussian,-1.0,0.6996586665794009,0.652042801531621,0.6342629994719173,5,17,gaussian
1000,1.046979865771812,complex_gaussian,-1.0,0.6313304869635966,0.6299367803812552,0.6253445881537072,10,17,gaussian
1000,1.0671140939597314,complex_gaussian,-1.0,0.6536449220052141,0.6192393400332623,0.6158667072589323,5,17,gaussian
1000,1.087248322147651,complex_gaussian,-1.0,0.6061783909781842,0.6122790251571986,0.6068404123220161,6,18,gaussian
1000,1.1073825503355703,complex_gaussian,-1.0,0.6158421272807787,0.6073612653845908,0.5975128447099649,6,18,gaussian
1000,1.1275167785234899,complex_gaussian,-1.0,0.556176092283346,0.5763258726981441,0.5882219137225064,8,18,gaussian
1000,1.1476510067114094,complex_gaussian,-1.0,0.5527083811019808,0.5729407703283436,0.5788637345310284,6,19,gaussian
1000,1.1677852348993287,complex_gaussian,-1.0,0.640355698705282,0.563426644381689,0.5692155278086594,7,19,gaussian
1000,1.1879194630872483,complex_gaussian,-1.0,0.5947130230962695,0.5609130705422005,0.5597481547114238,8,20,gaussian
1000,1.2080536912751678,complex_gaussian,-1.0,0.5124255721649498,0.5473770668006068,0.5495033975648063,7,20,gaussian
1000,1.2281879194630871,complex_gaussian,-1.0,0.5216813056815663,0.5436697518807398,0.5395776571784434,6,21,gaussian
1000,1.2483221476510067,complex_gaussian,-1.0,0.5672849305499288,0.5437547147188249,0.5294481502964513,5,21,gaussian
1000,1.268456375838926,complex_gaussian,-1.0,0.5209205631784113,0.515903670703771,0.5196129168737204,7,21,gaussian
1000,1.2885906040268456,complex_gaussian,-1.0,0.5282610828876321,0.5189849349949167,0.5094897868704857,8,22,gaussian
1000,1.308724832214765,complex_gaussian,-1.0,0.43457899782024945,0.4598642729014405,0.4991194263253017,10,22,gaussian
1000,1.3288590604026844,complex_gaussian,-1.0,0.480689446876521,0.4859659110768208,0.4887601507066491,8,23,gaussian
1000,1.348993288590604,complex_gaussian,-1.0,0.5411523115378177,0.5187108453766207,0.478158602906189,6,24,gaussian
1000,1.3691275167785233,complex_gaussian,-1.0,0.501827489393034,0.46381600398395106,0.4671416951269575,8,24,gaussian
1000,1.3892617449664428,complex_gaussian,-1.0,0.46119741138547216,0.460808522324471,0.4563702326429423,6,25,gaussian
1000,1.4093959731543624,complex_gaussian,-1.0,0.42021007323612763,0.4268347374728314,0.44529432756249043,15,25,gaussian
1000,1.4295302013422817,complex_gaussian,-1.0,0.4375815027143775,0.4355762667765516,0.43422400874646916,10,26,gaussian
1000,1.4496644295302012,complex_gaussian,-1.0,0.39792687896146844,0.43218256580737885,0.42331845730281603,7,27,gaussian
1000,1.4697986577181208,complex_gaussian,-1.0,0.38859546150642055,0.4079815609650317,0.4119150515169626,6,28,gaussian
1000,1.4899328859060401,complex_gaussian,-1.0,0.4396419458089682,0.41550233271403747,0.4004714346117136,7,28,gaussian
1000,1.5100671140939597,complex_gaussian,-1.0,0.41846045327441095,0.3935943258592117,0.38828470922274005,9,29,gaussian
1000,1.5302013422818792,complex_gaussian,-1.0,0.35815792792209106,0.3483048524176071,0.3765469273236857,11,30,gaussian
1000,1.5503355704697985,complex_gaussian,-1.0,0.4135696036929229,0.41556233212595683,0.3647609730089365,5,31,gaussian
1000,1.570469798657718,complex_gaussian,-1.0,0.37442906531501385,0.39285829881825374,0.3523813175773376,7,32,gaussian
1000,1.5906040268456374,complex_gaussian,-1.0,0.3285586320556595,0.31092635835582316,0.3404669619090879,17,33,gaussian
1000,1.610738255033557,complex_gaussian,-1.0,0.33125474711082303,0.32682365733887886,0.32789679263321636,14,35,gaussian
1000,1.6308724832214765,complex_gaussian,-1.0,0.3072696601301191,0.30910624697746203,0.315314948573605,10,36,gaussian
1000,1.6510067114093958,complex_gaussian,-1.0,0.26934117780889244,0.28941839795059154,0.3019210684934597,49,37,gaussian
1000,1.6711409395973154,complex_gaussian,-1.0,0.26655587528384345,0.28466933578620457,0.2888267419972722,15,39,gaussian
1000,1.6912751677852347,complex_gaussian,-1.0,0.25523956567978096,0.26819653133720467,0.27548485713867243,11,41,gaussian
1000,1.7114093959731542,complex_gaussian,-1.0,0.2982867671675803,0.2556875072185233,0.2622081785101943,10,43,gaussian
1000,1.7315436241610738,complex_gaussian,-1.0,0.28139145517068764,0.27143487512664466,0.2478819400158764,9,45,gaussian
1000,1.751677852348993,complex_gaussian,-1.0,0.2652501342904953,0.2461520799719786,0.2341753391416307,20,47,gaussian
1000,1.7718120805369126,complex_gaussian,-1.0,0.25192134233045205,0.25306310309607294,0.21966590768452118,9,50,gaussian
1000,1.7919463087248322,complex_gaussian,-1.0,0.22836559692046826,0.20433237274578908,0.2052115684487128,15,53,gaussian
1000,1.8120805369127515,complex_gaussian,-1.0,0.15483772158486442,0.17235623907371478,0.18934301757478467,14,57,gaussian
1000,1.832214765100671,complex_gaussian,-1.0,0.17759508318299103,0.20273750997509976,0.17383749480501642,10,62,gaussian
1000,1.8523489932885906,complex_gaussian,-1.0,0.1323453702890511,0.14201374740715345,0.15801158790293557,24,68,gaussian
1000,1.87248322147651,complex_gaussian,-1.0,0.20669140959763552,0.18688814908815699,0.14158481162339798,9,75,gaussian
1000,1.8926174496644295,complex_gaussian,-1.0,0.10267786358082845,0.10443115949142978,0.12473123191712676,31,84,gaussian
1000,1.9127516778523488,complex_gaussian,-1.0,0.09825415552711558,0.11607263409329582,0.10698969963173766,27,96,gaussian
1000,1.9328859060402683,complex_gaussian,-1.0,0.1982187025268938,0.160679329622887,0.08835048738768503,10,114,gaussian
1000,1.9530201342281879,complex_gaussian,-1.0,0.11596547685952484,0.10526293685648014,0.06765522758973952,16,146,gaussian
1000,1.9731543624161072,complex_gaussian,-1.0,0.1347385688188311,0.12702015582537218,0.04541723100311257,13,209,gaussian
1000,1.9932885906040267,complex_gaussian,-1.0,0.09583188049493077,0.08678932271630546,0.019793375549015724,16,250,gaussian
1000,2.013422818791946,complex_gaussian,-1.0,0.018191907707978197,0.015001513611316408,0.0014648626593641856,74,250,gaussian
1000,2.033557046979866,complex_gaussian,-1.0,0.0003569475047469508,2.778391334656849e-05,2.90795976570779e-05,222,242,gaussian
1000,2.053691275167785,complex_gaussian,-1.0,0.06895523410562865,0.07157604253118599,1.771876010991935e-05,14,169,gaussian
1000,2.0738255033557045,complex_gaussian,-1.0,0.0011882781700537294,1.2256731701576484e-05,1.2221184510385896e-05,127,133,gaussian
1000,2.093959731543624,complex_gaussian,-1.0,0.0007587330797883789,9.730345920666572e-06,9.193926325701263e-06,111,111,gaussian
1000,2.1140939597315436,complex_gaussian,-1.0,0.014661007547018918,0.008968481887556612,7.509233392766212e-06,29,95,gaussian
1000,2.134228187919463,complex_gaussian,-1.0,0.004292602770775178,5.866334825910258e-06,6.377026685266962e-06,85,84,gaussian
1000,2.154362416107382,complex_gaussian,-1.0,0.0037122253987233195,5.1598212312820024e-06,5.244761466349779e-06,76,76,gaussian
1000,2.174496644295302,complex_gaussian,-1.0,0.006267573381295497,5.118885495258851e-06,4.8845725303392484e-06,71,69,gaussian
1000,2.1946308724832213,complex_gaussian,-1.0,0.007296794126275064,3.205808798201204e-06,4.08627082626456e-06,65,64,gaussian
1000,2.2147651006711406,complex_gaussian,-1.0,0.001974705385563283,3.746132877013864e-06,3.3521239337641617e-06,59,60,gaussian
1000,2.2348993288590604,complex_gaussian,-1.0,0.0002401254080646779,3.2351179281020492e-06,3.1603352260711763e-06,56,56,gaussian
1000,2.2550335570469797,complex_gaussian,-1.0,0.0038690344701875945,2.4734140537940874e-06,2.625395420841059e-06,54,53,gaussian
1000,2.275167785234899,complex_gaussian,-1.0,0.004462836770919945,2.684944837683112e-06,2.5202925731937498e-06,49,50,gaussian
1000,2.295302013422819,complex_gaussian,-1.0,0.005167453595044458,2.052208748604123e-06,2.065622596747474e-06,48,48,gaussian
1000,2.315436241610738,complex_gaussian,-1.0,0.0009922759070209698,2.2344850730826593e-06,2.38722952072834e-06,45,45,gaussian
1000,2.3355704697986575,complex_gaussian,-1.0,0.00023294296685801792,1.820446609790416e-06,1.7057914214468892e-06,44,44,gaussian
1000,2.3557046979865772,complex_gaussian,-1.0,0.0007365755413886219,1.5737403693538707e-06,1.7128155853640692e-06,42,42,gaussian
1000,2.3758389261744965,complex_gaussian,-1.0,0.0014186753785746277,1.5078346149444144e-06,1.8354123769714905e-06,41,40,gaussian
1000,2.395973154362416,complex_gaussian,-1.0,0.0005635469016120327,1.4733666859889638e-06,1.5026821631458631e-06,39,39,gaussian
1000,2.4161073825503356,complex_gaussian,-1.0,0.006578876475958788,1.480166794354254e-06,1.2411232294118335e-06,38,38,gaussian
1000,2.436241610738255,complex_gaussian,-1.0,0.004732318594199565,1.2097468977678716e-06,1.5633119794244976e-06,37,36,gaussian
1000,2.4563758389261743,complex_gaussian,-1.0,0.00041301197172581393,1.1131196006042288e-06,1.4355266473309314e-06,36,35,gaussian
1000,2.4765100671140936,complex_gaussian,-1.0,0.00256596510005188,9.542887781099907e-07,1.361988496539901e-06,35,34,gaussian
1000,2.4966442953020134,complex_gaussian,-1.0,0.0039240955040565,1.1223387752501424e-06,1.333700217598377e-06,33,33,gaussian
1000,2.5167785234899327,complex_gaussian,-1.0,0.002045973284024419,1.2781915529336274e-06,8.885888662657493e-07,32,33,gaussian
1000,2.536912751677852,complex_gaussian,-1.0,0.00010835936060823163,9.885965502887117e-07,9.130198607154582e-07,32,32,gaussian
1000,2.557046979865772,complex_gaussian,-1.0,0.0005106163944046944,1.024481412703615e-06,9.490085840502259e-07,31,31,gaussian
1000,2.577181208053691,complex_gaussian,-1.0,0.00027569777759176326,1.0485895129974665e-06,1.0356424609003767e-06,30,30,gaussian
1000,2.5973154362416104,complex_gaussian,-1.0,0.0013527568708989735,7.623297372250093e-07,7.284050115297092e-07,30,30,gaussian
1000,2.61744966442953,complex_gaussian,-1.0,0.0002703568080753468,9.031430843187139e-07,8.320748062784489e-07,29,29,gaussian
1000,2.6375838926174495,complex_gaussian,-1.0,0.0005225280587825765,8.859423537010968e-07,5.966568822346474e-07,28,29,gaussian
1000,2.657718120805369,complex_gaussian,-1.0,0.00043536302411382625,6.75621933621251e-07,7.114975691946412e-07,28,28,gaussian
1000,2.6778523489932886,complex_gaussian,-1.0,0.0032484521520911662,5.577500746811737e-07,8.71971751359446e-07,28,27,gaussian
1000,2.697986577181208,complex_gaussian,-1.0,0.0069019794018494625,6.835366685997712e-07,6.467282392952356e-07,27,27,gaussian
1000,2.7181208053691273,complex_gaussian,-1.0,0.0005278505033567864,7.502655792190893e-07,4.740902724842399e-07,26,27,gaussian
1000,2.7382550335570466,complex_gaussian,-1.0,0.00062959655600121,5.989627716029844e-07,6.146805567874836e-07,26,26,gaussian
1000,2.7583892617449663,complex_gaussian,-1.0,0.0014315461398154443,5.371303715140385e-07,4.6541325215976315e-07,26,26,gaussian
1000,2.7785234899328857,complex_gaussian,-1.0,0.004645279680687405,7.155185632878869e-07,6.279937598829832e-07,25,25,gaussian
1000,2.798657718120805,complex_gaussian,-1.0,0.00010149640114789285,5.24938702062272e-07,4.832534187260151e-07,25,25,gaussian
1000,2.8187919463087248,complex_gaussian,-1.0,0.0010574641122269824,3.8613979425061734e-07,3.728255940638192e-07,25,25,gaussian
1000,2.838926174496644,complex_gaussian,-1.0,0.008351940695888856,6.25506736295911e-07,5.298136316334023e-07,24,24,gaussian
1000,2.8590604026845634,complex_gaussian,-1.0,0.004052942376297898,4.372352538917213e-07,4.101496826613982e-07,24,24,gaussian
1000,2.879194630872483,complex_gaussian,-1.0,0.0007883158856380523,5.927522820359243e-07,6.052847093540592e-07,23,23,gaussian
1000,2.8993288590604025,complex_gaussian,-1.0,0.007695410266429247,4.883890745155384e-07,4.815898271282038e-07,23,23,gaussian
1000,2.919463087248322,complex_gaussian,-1.0,0.0003169460431228849,4.276390446200651e-07,3.839312654463356e-07,23,23,gaussian
1000,2.9395973154362416,complex_gaussian,-1.0,0.002324876351386616,3.186759933715422e-07,3.067035734272139e-07,23,23,gaussian
1000,2.959731543624161,complex_gaussian,-1.0,0.007897000535577244,4.895211429545299e-07,4.810546474498523e-07,22,22,gaussian
1000,2.9798657718120802,complex_gaussian,-1.0,0.002265189994192038,3.6479160558933193e-07,3.897066129798788e-07,22,22,gaussian
1000,3.0,complex_gaussian,-1.0,0.005288081635516134,2.8652903794057494e-07,3.130791942362876e-07,22,22,gaussian
1000,0.020134228187919462,complex_gaussian,0.5,1.0320032187796269,0.9974705395203607,0.9971180274294038,1,4,gaussian
1000,0.040268456375838924,complex_gaussian,0.5,1.0101311699955577,0.99539814739429,0.994184322686142,4,5,gaussian
1000,0.060402684563758385,complex_gaussian,0.5,0.9200775237526327,0.9795643851394411,0.9911901956577139,4,5,gaussian
1000,0.08053691275167785,complex_gaussian,0.5,0.9957665225505151,0.9788839210667247,0.988150233458998,1,6,gaussian
1000,0.10067114093959731,complex_gaussian,0.5,1.0043811465871146,0.9943458403929544,0.9850405069220491,5,6,gaussian
1000,0.12080536912751677,complex_gaussian,0.5,0.9456927473104316,0.9864388322679433,0.9818798313426905,2,6,gaussian
1000,0.14093959731543623,complex_gaussian,0.5,0.9718880552633782,0.9914887776842242,0.978651920777548,2,7,gaussian
1000,0.1610738255033557,complex_gaussian,0.5,0.9965185884297736,0.9866821391380345,0.9752416141058577,7,7,gaussian
1000,0.18120805369127516,complex_gaussian,0.5,0.969726207677667,0.968178171419628,0.9719077122761979,7,7,gaussian
1000,0.20134228187919462,complex_gaussian,0.5,0.9400428039903455,0.9655685910229139,0.9685031676297629,3,8,gaussian
1000,0.22147651006711408,complex_gaussian,0.5,0.9690758158254975,0.9570348984061552,0.9650232620080088,4,8,gaussian
1000,0.24161073825503354,complex_gaussian,0.5,0.9930335084357161,0.9548510943650443,0.9614690069942664,2,8,gaussian
1000,0.261744966442953,complex_gaussian,0.5,1.0117717863235665,0.9590240986287731,0.9579207275485047,10,8,gaussian
1000,0.28187919463087246,complex_gaussian,0.5,1.0329800374928355,0.9609988501079353,0.9542864177612782,4,9,gaussian
1000,0.30201342281879195,complex_gaussian,0.5,0.9529751870752045,0.9429610287118447,0.9503701518717846,5,9,gaussian
1000,0.3221476510067114,complex_gaussian,0.5,0.929272320338498,0.9317888910701552,0.9465729760907697,4,9,gaussian
1000,0.3422818791946308,complex_gaussian,0.5,0.940670956460891,0.9445375828926011,0.942650788434366,3,9,gaussian
1000,0.3624161073825503,complex_gaussian,0.5,0.9620022537997873,0.9318872865291377,0.9387411273757206,1,10,gaussian
1000,0.3825503355704698,complex_gaussian,0.5,0.9011582333461344,0.910266257813192,0.9347071985910717,10,10,gaussian
1000,0.40268456375838924,complex_gaussian,0.5,0.9700106093249792,0.9275478102348448,0.9305939970928345,3,10,gaussian
1000,0.42281879194630867,complex_gaussian,0.5,0.945305354541304,0.9358431457246519,0.9263855608367956,2,10,gaussian
1000,0.44295302013422816,complex_gaussian,0.5,0.9656673296750675,0.9344164783972323,0.9221661663838504,5,11,gaussian
1000,0.46308724832214765,complex_gaussian,0.5,0.8645035759460463,0.9014820992087019,0.917618823509955,7,11,gaussian
1000,0.4832214765100671,complex_gaussian,0.5,0.9163409751820835,0.9175810422516992,0.9132185378266194,6,11,gaussian
1000,0.5033557046979865,complex_gaussian,0.5,0.8979044272358396,0.9012745571187558,0.908658067397203,1,11,gaussian
1000,0.523489932885906,complex_gaussian,0.5,0.9124525944545832,0.8972728300555364,0.9041787919248184,4,12,gaussian
1000,0.5436241610738255,complex_gaussian,0.5,0.8891974769119422,0.9245713128844593,0.8994225321345318,2,12,gaussian
1000,0.5637583892617449,complex_gaussian,0.5,0.8571716930487859,0.890120509515135,0.8946258397632987,6,12,gaussian
1000,0.5838926174496644,complex_gaussian,0.5,0.8857999842831487,0.8939601367144183,0.8896387869617115,5,13,gaussian
1000,0.6040268456375839,complex_gaussian,0.5,0.9078793044206394,0.8900222378978665,0.8846218021548702,3,13,gaussian
1000,0.6241610738255033,complex_gaussian,0.5,0.8947207891250077,0.8859988602689136,0.8794437419239081,4,13,gaussian
1000,0.6442953020134228,complex_gaussian,0.5,0.9152288644520921,0.865035346073111,0.874348410741389,3,13,gaussian
1000,0.6644295302013422,complex_gaussian,0.5,0.880690245002442,0.8567157704087899,0.869070521461578,8,14,gaussian
1000,0.6845637583892616,complex_gaussian,0.5,0.8930903423161101,0.8739249640200775,0.8637910391912742,5,14,gaussian
1000,0.7046979865771812,complex_gaussian,0.5,0.8384694596166503,0.8574506745757785,0.8581896055098828,4,14,gaussian
1000,0.7248322147651006,complex_gaussian,0.5,0.9032717369656776,0.8406084057318074,0.852625007511546,6,15,gaussian
1000,0.7449664429530201,complex_gaussian,0.5,0.9005879118534215,0.8432793009353976,0.8468503982053699,3,15,gaussian
1000,0.7651006711409396,complex_gaussian,0.5,0.8510146740823555,0.8252398625089102,0.8410146669023324,7,15,gaussian
1000,0.785234899328859,complex_gaussian,0.5,0.870304450936848,0.8526014044901735,0.8351268717573402,4,16,gaussian
1000,0.8053691275167785,complex_gaussian,0.5,0.8404335541911571,0.8206861794264143,0.8290800294309852,3,16,gaussian
1000,0.8255033557046979,complex_gaussian,0.5,0.832026755986348,0.838462192427817,0.8227424850044324,7,16,gaussian
1000,0.8456375838926173,complex_gaussian,0.5,0.763882497367103,0.7960809099799082,0.8165955097149601,5,17,gaussian
1000,0.8657718120805369,complex_gaussian,0.5,0.8770848591288606,0.8631618666402415,0.8103649068817123,3,17,gaussian
1000,0.8859060402684563,complex_gaussian,0.5,0.9122253619694397,0.8489743305826288,0.8038460790369523,2,17,gaussian
1000,0.9060402684563758,complex_gaussian,0.5,0.8016754014788644,0.7596692874195393,0.7969584630106112,6,18,gaussian
1000,0.9261744966442953,complex_gaussian,0.5,0.888887038185055,0.8266554000348021,0.7900484747956875,4,18,gaussian
1000,0.9463087248322147,complex_gaussian,0.5,0.7647562074605363,0.7742589372771013,0.783170787992907,6,18,gaussian
1000,0.9664429530201342,complex_gaussian,0.5,0.7399853812548403,0.7642224584172561,0.7762324499762656,7,19,gaussian
1000,0.9865771812080536,complex_gaussian,0.5,0.7316961299612978,0.7735469873413007,0.7690212317050156,3,19,gaussian
1000,1.006711409395973,complex_gaussian,0.5,0.7529740606696523,0.7592357171395662,0.7615824389104315,5,19,gaussian
1000,1.0268456375838926,complex_gaussian,0.5,0.7985168748554734,0.7598332870875003,0.7543245599456614,3,20,gaussian
1000,1.046979865771812,complex_gaussian,0.5,0.7578869232537085,0.7662396409960776,0.7463348552394946,3,20,gaussian
1000,1.0671140939597314,complex_gaussian,0.5,0.7665736545053206,0.71722690646565,0.7384337743931493,5,21,gaussian
1000,1.087248322147651,complex_gaussian,0.5,0.7024934460276248,0.7222799385339641,0.7307182709655735,5,21,gaussian
1000,1.1073825503355703,complex_gaussian,0.5,0.7155801420541359,0.7420662597517776,0.7226805992188325,8,21,gaussian
1000,1.1275167785234899,complex_gaussian,0.5,0.7782517907213093,0.7273920818158301,0.7142755075843588,3,22,gaussian
1000,1.1476510067114094,complex_gaussian,0.5,0.8222577791042304,0.8013156049168443,0.7058617369121829,1,22,gaussian
1000,1.1677852348993287,complex_gaussian,0.5,0.815017971023568,0.7638518363625808,0.6972696597217272,2,23,gaussian
1000,1.1879194630872483,complex_gaussian,0.5,0.6848116732320564,0.6966666369514902,0.6887353970135326,6,23,gaussian
1000,1.2080536912751678,complex_gaussian,0.5,0.6975970350111568,0.6873075907576226,0.6796481862097867,5,24,gaussian
1000,1.2281879194630871,complex_gaussian,0.5,0.791756157574573,0.7453662225026506,0.6701032073135706,2,24,gaussian
1000,1.2483221476510067,complex_gaussian,0.5,0.7351908034465883,0.6948154464353364,0.6610635461149301,5,25,gaussian
1000,1.268456375838926,complex_gaussian,0.5,0.6828101392599851,0.6710452414777814,0.6517002349743957,8,25,gaussian
1000,1.2885906040268456,complex_gaussian,0.5,0.6592065081988032,0.6676780104878142,0.6419256425933684,5,26,gaussian
1000,1.308724832214765,complex_gaussian,0.5,0.6859681732976147,0.6634966936294628,0.6323844417627171,6,27,gaussian
1000,1.3288590604026844,complex_gaussian,0.5,0.7127018516185819,0.6458988992505668,0.6224406532637662,6,27,gaussian
1000,1.348993288590604,complex_gaussian,0.5,0.660178839596417,0.6396312866573939,0.6120807393969425,5,28,gaussian
1000,1.3691275167785233,complex_gaussian,0.5,0.5682081874815818,0.5836488764092923,0.6008781133554997,9,29,gaussian
1000,1.3892617449664428,complex_gaussian,0.5,0.6111743403530766,0.6072915439685344,0.5901946354817384,4,29,gaussian
1000,1.4093959731543624,complex_gaussian,0.5,0.6195983029381916,0.5799669355241522,0.5791487776095496,5,30,gaussian
1000,1.4295302013422817,complex_gaussian,0.5,0.6042007440064049,0.5774080727028545,0.5686445447473378,6,31,gaussian
1000,1.4496644295302012,complex_gaussian,0.5,0.6820714417891232,0.6457832268487673,0.5577405655653297,4,31,gaussian
1000,1.4697986577181208,complex_gaussian,0.5,0.5767537286360853,0.5450202741628722,0.5457205435134685,6,32,gaussian
1000,1.4899328859060401,complex_gaussian,0.5,0.4979566126298347,0.5000380325657103,0.5338278418651146,10,33,gaussian
1000,1.5100671140939597,complex_gaussian,0.5,0.55550210425503,0.5579176320079715,0.5214212208115971,6,34,gaussian
1000,1.5302013422818792,complex_gaussian,0.5,0.5031585034941352,0.5351230069940796,0.5088819722391178,6,35,gaussian
1000,1.5503355704697985,complex_gaussian,0.5,0.41898799714702806,0.4603872705451916,0.4963184279976224,15,36,gaussian
1000,1.570469798657718,complex_gaussian,0.5,0.5804647293990929,0.49883726232855535,0.48311453061577936,8,37,gaussian
1000,1.5906040268456374,complex_gaussian,0.5,0.5842299349469483,0.5508367079523475,0.4700884482342264,4,38,gaussian
1000,1.610738255033557,complex_gaussian,0.5,0.5710006289716114,0.509573443945687,0.4567922090747329,4,39,gaussian
1000,1.6308724832214765,complex_gaussian,0.5,0.7195682316157901,0.6007503171698529,0.4432698958176854,3,41,gaussian
1000,1.6510067114093958,complex_gaussian,0.5,0.4576032140278702,0.455831674572365,0.4276899204766457,6,42,gaussian
1000,1.6711409395973154,complex_gaussian,0.5,0.5583930535816904,0.5425856539500415,0.41345933439810867,3,44,gaussian
1000,1.6912751677852347,complex_gaussian,0.5,0.46887383608591815,0.48282010158676175,0.39855874917187517,6,45,gaussian
1000,1.7114093959731542,complex_gaussian,0.5,0.455965314221978,0.41590144223628495,0.3832551124216409,9,47,gaussian
1000,1.7315436241610738,complex_gaussian,0.5,0.3796447502329755,0.38476603800588943,0.3668114985494405,6,49,gaussian
1000,1.751677852348993,complex_gaussian,0.5,0.6205794587132206,0.5888451341981702,0.35095737409619243,3,52,gaussian
1000,1.7718120805369126,complex_gaussian,0.5,0.34704720705334124,0.3637359820747559,0.3342395151005647,8,54,gaussian
1000,1.7919463087248322,complex_gaussian,0.5,0.4525112576588503,0.4155687934029346,0.3172252146659458,8,57,gaussian
1000,1.8120805369127515,complex_gaussian,0.5,0.46719320407202747,0.4240202042324429,0.29827848618981456,5,61,gaussian
1000,1.832214765100671,complex_gaussian,0.5,0.39429411271961484,0.38099346460675465,0.27985076594045355,6,65,gaussian
1000,1.8523489932885906,complex_gaussian,0.5,0.3511619643351144,0.34407014868829866,0.2598083603102821,6,70,gaussian
1000,1.87248322147651,complex_gaussian,0.5,0.27203712936052155,0.283069985716069,0.24006705698770625,8,75,gaussian
1000,1.8926174496644295,complex_gaussian,0.5,0.35015360372816234,0.324040328005066,0.2188298071916489,7,83,gaussian
1000,1.9127516778523488,complex_gaussian,0.5,0.33680912521117545,0.33788344096096423,0.196340606402156,7,92,gaussian
1000,1.9328859060402683,complex_gaussian,0.5,0.4777216795269436,0.4529057998226158,0.17177979333720572,3,106,gaussian
1000,1.9530201342281879,complex_gaussian,0.5,0.32478920761081737,0.30463233286578173,0.14470891725562163,7,127,gaussian
1000,1.9731543624161072,complex_gaussian,0.5,0.30821551507940975,0.25306130815581473,0.11477731522446943,9,163,gaussian
1000,1.9932885906040267,complex_gaussian,0.5,0.3827756754362845,0.34092319951205907,0.07820591793168008,5,250,gaussian
1000,2.013422818791946,complex_gaussian,0.5,0.26604580376561077,0.24241987437310789,0.022072727784596013,7,250,gaussian
1000,2.033557046979866,complex_gaussian,0.5,0.38505913937025177,0.3616886041875971,0.00018935680608056504,4,250,gaussian
1000,2.053691275167785,complex_gaussian,0.5,0.20896570241771695,0.20238106724265378,1.767027653298836e-05,8,202,gaussian
1000,2.0738255033557045,complex_gaussian,0.5,0.27134528280156384,0.2615059288189818,1.2313059105761859e-05,6,154,gaussian
1000,2.093959731543624,complex_gaussian,0.5,0.19073502738802597,0.1901966715087483,9.674769453349441e-06,8,126,gaussian
1000,2.1140939597315436,complex_gaussian,0.5,0.532024132463992,0.45584161416294866,7.558524638517916e-06,3,107,gaussian
1000,2.134228187919463,complex_gaussian,0.5,0.2200530953426753,0.18506842998009942,6.412433025348997e-06,8,94,gaussian
1000,2.154362416107382,complex_gaussian,0.5,0.19054059975504314,0.14202011154989003,4.938169179458107e-06,10,85,gaussian
1000,2.174496644295302,complex_gaussian,0.5,0.4192197957726544,0.36302758326052087,4.5105843403669965e-06,4,77,gaussian
1000,2.1946308724832213,complex_gaussian,0.5,0.010891270364127527,4.341138910124442e-06,3.874723515040479e-06,69,71,gaussian
1000,2.2147651006711406,complex_gaussian,0.5,0.07977795468125252,0.05098391166723826,3.373905196002447e-06,15,66,gaussian
1000,2.2348993288590604,complex_gaussian,0.5,0.16015524477791643,0.14496996783297544,2.845668651718647e-06,8,62,gaussian
1000,2.2550335570469797,complex_gaussian,0.5,0.015528114090485087,2.3239797612983892e-06,2.6589756332295877e-06,58,58,gaussian
1000,2.275167785234899,complex_gaussian,0.5,0.055707899121822974,0.041646584271691434,2.3369846403609174e-06,13,55,gaussian
1000,2.295302013422819,complex_gaussian,0.5,0.22827886794394536,0.21388112496573197,2.272031786820783e-06,5,52,gaussian
1000,2.315436241610738,complex_gaussian,0.5,0.2332424201054294,0.17912009195857037,1.8645243617942955e-06,6,50,gaussian
1000,2.3355704697986575,complex_gaussian,0.5,0.16936816387589332,0.11787521798462053,2.186990408548084e-06,7,47,gaussian
1000,2.3557046979865772,complex_gaussian,0.5,0.17888600789233838,0.13750468888804213,1.5494674666660657e-06,7,46,gaussian
1000,2.3758389261744965,complex_gaussian,0.5,0.4286341422584862,0.3650032264015358,1.55686704417235e-06,3,44,gaussian
1000,2.395973154362416,complex_gaussian,0.5,0.16374115944406412,0.1264308198024089,1.6741341624104675e-06,7,42,gaussian
1000,2.4161073825503356,complex_gaussian,0.5,0.027218809423386097,1.3175391547770587e-06,1.3187909366774164e-06,42,41,gaussian
1000,2.436241610738255,complex_gaussian,0.5,0.1442793352163605,0.11307768817430852,1.5862958847590036e-06,7,39,gaussian
1000,2.4563758389261743,complex_gaussian,0.5,0.20051461530582732,0.13113105729580143,1.397313879825113e-06,6,38,gaussian
1000,2.4765100671140936,complex_gaussian,0.5,0.07356935506752839,1.2908848027182174e-06,1.267842705154898e-06,37,37,gaussian
1000,2.4966442953020134,complex_gaussian,0.5,0.0883081004305776,1.6303182980292874e-06,1.188789659156697e-06,36,36,gaussian
1000,2.5167785234899327,complex_gaussian,0.5,0.19345031588953499,0.11465041577561806,1.15333218175806e-06,6,35,gaussian
1000,2.536912751677852,complex_gaussian,0.5,0.22650267044290667,0.16022347320004493,1.1504603505407829e-06,5,34,gaussian
1000,2.557046979865772,complex_gaussian,0.5,0.03231124148194229,1.0100483361918933e-06,7.474129881668289e-07,33,34,gaussian
1000,2.577181208053691,complex_gaussian,0.5,0.0625564744371358,1.2217557622262731e-06,7.832459723022822e-07,32,33,gaussian
1000,2.5973154362416104,complex_gaussian,0.5,0.25173441505960237,0.15650582061640939,8.464175800249053e-07,5,32,gaussian
1000,2.61744966442953,complex_gaussian,0.5,0.08884768286115644,0.03602797046576156,9.413777434241766e-07,8,31,gaussian
1000,2.6375838926174495,complex_gaussian,0.5,0.06318709563183075,0.01286754150392111,6.589226612119248e-07,10,31,gaussian
1000,2.657718120805369,complex_gaussian,0.5,0.051348176805289525,0.001998524653497924,7.657299579966192e-07,14,30,gaussian
1000,2.6778523489932886,complex_gaussian,0.5,0.010479402370126631,8.25594800080154e-07,5.457470758640781e-07,29,30,gaussian
1000,2.697986577181208,complex_gaussian,0.5,0.01471905650576384,5.651913844717527e-07,6.625851310948505e-07,29,29,gaussian
1000,2.7181208053691273,complex_gaussian,0.5,0.10280337660243422,0.04774502536487101,4.7311928075277615e-07,7,29,gaussian
1000,2.7382550335570466,complex_gaussian,0.5,0.01865104210558948,6.437189186137005e-07,5.990626728014092e-07,28,28,gaussian
1000,2.7583892617449663,complex_gaussian,0.5,0.03413257300819583,3.641803859588677e-07,4.430319714421316e-07,28,28,gaussian
1000,2.7785234899328857,complex_gaussian,0.5,0.0353672308755925,4.877902226585462e-07,5.835980130264318e-07,27,27,gaussian
1000,2.798657718120805,complex_gaussian,0.5,0.027483676229678417,4.095033552253824e-07,4.394256120088258e-07,27,27,gaussian
1000,2.8187919463087248,complex_gaussian,0.5,0.02187905785954247,5.217862107942395e-07,6.018263652984857e-07,26,26,gaussian
1000,2.838926174496644,complex_gaussian,0.5,0.05141103038368732,6.395839659001368e-07,4.599994897214188e-07,26,26,gaussian
1000,2.8590604026845634,complex_gaussian,0.5,0.11373014394626424,0.04768467021795043,3.480865745641992e-07,6,26,gaussian
1000,2.879194630872483,complex_gaussian,0.5,0.023773117117425534,5.981920199182866e-07,5.024073845838473e-07,25,25,gaussian
1000,2.8993288590604025,complex_gaussian,0.5,2.6308692473934533e-05,3.7787226569996335e-07,3.9087123282488534e-07,25,25,gaussian
1000,2.919463087248322,complex_gaussian,0.5,0.03220992738555015,4.106846074325432e-07,3.05236343312032e-07,25,25,gaussian
1000,2.9395973154362416,complex_gaussian,0.5,0.026042635764533882,3.697308668115795e-07,4.6279122856152094e-07,24,24,gaussian
1000,2.959731543624161,complex_gaussian,0.5,0.039517170024973416,2.929023119602192e-07,3.664235598277444e-07,24,24,gaussian
1000,2.9798657718120802,complex_gaussian,0.5,0.03994267105836289,3.6052172391887183e-07,2.905870580827141e-07,24,24,gaussian
1000,3.0,complex_gaussian,0.5,0.03149058952705115,3.0748006407677053e-07,4.5708273910261004e-07,24,23,gaussian
1000,0.020134228187919462,complex_gaussian,1.0,1.020499106648525,0.9964740647103402,0.9943086126381935,2,4,gaussian
1000,0.040268456375838924,complex_gaussian,1.0,0.9789544111448256,0.9895450876009045,0.9885640268165826,1,5,gaussian
1000,0.060402684563758385,complex_gaussian,1.0,0.9797817064269841,0.9768998208392964,0.9827718111975262,2,5,gaussian
1000,0.08053691275167785,complex_gaussian,1.0,1.0359186832479033,0.9900884722489954,0.9769347102953324,1,6,gaussian
1000,0.10067114093959731,complex_gaussian,1.0,1.0379572423567338,0.9699545750927386,0.971052764280263,2,6,gaussian
1000,0.12080536912751677,complex_gaussian,1.0,1.0049013831261877,0.966757615330215,0.9651254363957311,1,6,gaussian
1000,0.14093959731543623,complex_gaussian,1.0,0.9674860674823551,0.9563247443338845,0.9591829704613755,2,6,gaussian
1000,0.1610738255033557,complex_gaussian,1.0,0.9265169327252445,0.9528192099717419,0.9527779284360259,6,7,gaussian
1000,0.18120805369127516,complex_gaussian,1.0,1.0007721119645119,0.9509181048784717,0.9467077192031107,2,7,gaussian
1000,0.20134228187919462,complex_gaussian,1.0,0.9429835481838802,0.9549267306211946,0.9405696093684491,2,7,gaussian
1000,0.22147651006711408,complex_gaussian,1.0,0.9513802002071955,0.937211483051617,0.9343797219009762,2,7,gaussian
1000,0.24161073825503354,complex_gaussian,1.0,0.906872639044491,0.9215111932832694,0.928137006424154,2,7,gaussian
1000,0.261744966442953,complex_gaussian,1.0,0.9440854207525511,0.9204294105417545,0.9218042704478402,2,8,gaussian
1000,0.28187919463087246,complex_gaussian,1.0,0.9070545470333609,0.9139395214183199,0.9155021233825844,3,8,gaussian
1000,0.30201342281879195,complex_gaussian,1.0,0.8946183247467944,0.9099047948779793,0.9087217424856286,5,8,gaussian
1000,0.3221476510067114,complex_gaussian,1.0,0.8742298068150647,0.8994753720338652,0.902297847327438,9,8,gaussian
1000,0.3422818791946308,complex_gaussian,1.0,0.934187545962586,0.8955348815441343,0.8958076916458529,3,9,gaussian
1000,0.3624161073825503,complex_gaussian,1.0,0.8689670670656093,0.8776982414069309,0.8892179873653223,4,9,gaussian
1000,0.3825503355704698,complex_gaussian,1.0,0.8694533280156139,0.876051302861453,0.8825609821606843,6,9,gaussian
1000,0.40268456375838924,complex_gaussian,1.0,0.860030908369828,0.8677018325321623,0.8758761280882749,4,9,gaussian
1000,0.42281879194630867,complex_gaussian,1.0,0.9018110492852709,0.8822015505502185,0.8691442965611091,3,9,gaussian
1000,0.44295302013422816,complex_gaussian,1.0,0.8490134596382505,0.8780722778462625,0.8624124110474344,15,10,gaussian
1000,0.46308724832214765,complex_gaussian,1.0,0.8983069913939705,0.8636948319378289,0.8551443552582496,7,10,gaussian
1000,0.4832214765100671,complex_gaussian,1.0,0.8735069140889703,0.8479929491360498,0.8482649055944593,6,10,gaussian
1000,0.5033557046979865,complex_gaussian,1.0,0.8661295571431149,0.8406036453497203,0.8412077453573462,3,10,gaussian
1000,0.523489932885906,complex_gaussian,1.0,0.826177745656059,0.8418765209042692,0.834197963061422,4,10,gaussian
1000,0.5436241610738255,complex_gaussian,1.0,0.7899321829027147,0.8219157800493225,0.8270459302489133,7,11,gaussian
1000,0.5637583892617449,complex_gaussian,1.0,0.8583237292469749,0.8222560558787589,0.8199640286006199,5,11,gaussian
1000,0.5838926174496644,complex_gaussian,1.0,0.7993194262068709,0.8178982240350258,0.8127161758502401,3,11,gaussian
1000,0.6040268456375839,complex_gaussian,1.0,0.7578345153973639,0.807263427275164,0.8050694142850926,4,11,gaussian
1000,0.6241610738255033,complex_gaussian,1.0,0.8028118817980019,0.808275311355118,0.7976905739994357,9,11,gaussian
1000,0.6442953020134228,complex_gaussian,1.0,0.8207499275401184,0.7908760117703371,0.7901972591884783,6,12,gaussian
1000,0.6644295302013422,complex_gaussian,1.0,0.7457910339553546,0.7763128576682645,0.7826446110956108,3,12,gaussian
1000,0.6845637583892616,complex_gaussian,1.0,0.7607296983336689,0.7613794571368012,0.775216389720523,7,12,gaussian
1000,0.7046979865771812,complex_gaussian,1.0,0.8299456318478432,0.7613743064253078,0.7675179904013726,5,12,gaussian
1000,0.7248322147651006,complex_gaussian,1.0,0.7498430267731325,0.7511172522309382,0.759794726316225,5,13,gaussian
1000,0.7449664429530201,complex_gaussian,1.0,0.7323682342628348,0.7491496730950515,0.7521189065672829,5,13,gaussian
1000,0.7651006711409396,complex_gaussian,1.0,0.776079076096288,0.7497834814960822,0.7437686412528822,4,13,gaussian
1000,0.785234899328859,complex_gaussian,1.0,0.7439977412750391,0.737470176471551,0.7359451548463025,5,13,gaussian
1000,0.8053691275167785,complex_gaussian,1.0,0.7492075454320773,0.7272869276832068,0.727899369059301,5,14,gaussian
1000,0.8255033557046979,complex_gaussian,1.0,0.7415518334852875,0.7198117816552514,0.7197489346400479,8,14,gaussian
1000,0.8456375838926173,complex_gaussian,1.0,0.718515333815508,0.7121708780197828,0.7116584268817929,6,14,gaussian
1000,0.8657718120805369,complex_gaussian,1.0,0.6610668885640208,0.701723920295936,0.7035131723573522,6,14,gaussian
1000,0.8859060402684563,complex_gaussian,1.0,0.7258938641829923,0.6893815957503113,0.6952255853753255,11,15,gaussian
1000,0.9060402684563758,complex_gaussian,1.0,0.6808521626630829,0.6747429732217254,0.6864597196451353,7,15,gaussian
1000,0.9261744966442953,complex_gaussian,1.0,0.650070843720945,0.6695431673272519,0.6780142125223022,13,15,gaussian
1000,0.9463087248322147,complex_gaussian,1.0,0.678992402469895,0.6461957112098323,0.6693281645159428,8,15,gaussian
1000,0.9664429530201342,complex_gaussian,1.0,0.6754161591110782,0.6504922376320782,0.660821103973859,8,16,gaussian
1000,0.9865771812080536,complex_gaussian,1.0,0.5822591073855721,0.6434569288552626,0.6520551956098741,9,16,gaussian
1000,1.006711409395973,complex_gaussian,1.0,0.6701622479693361,0.6339437255500735,0.6432388646465328,11,16,gaussian
1000,1.0268456375838926,complex_gaussian,1.0,0.5915029929698078,0.611070466975709,0.6345144767763791,10,17,gaussian
1000,1.046979865771812,complex_gaussian,1.0,0.6574465507694545,0.6176241310422985,0.6253142355877703,6,17,gaussian
1000,1.0671140939597314,complex_gaussian,1.0,0.6055055817461451,0.628422538020863,0.6159203561069291,11,17,gaussian
1000,1.087248322147651,complex_gaussian,1.0,0.5683413332250007,0.6132942824058367,0.6067236664236002,6,18,gaussian
1000,1.1073825503355703,complex_gaussian,1.0,0.634938873080903,0.6127183499163462,0.5975638934207422,4,18,gaussian
1000,1.1275167785234899,complex_gaussian,1.0,0.578030911557825,0.5972203730115082,0.5881670412597755,6,18,gaussian
1000,1.1476510067114094,complex_gaussian,1.0,0.5398985802795154,0.5817030929249445,0.5785967056951288,11,19,gaussian
1000,1.1677852348993287,complex_gaussian,1.0,0.5315936490181593,0.5601635859445945,0.5693077694400366,14,19,gaussian
1000,1.1879194630872483,complex_gaussian,1.0,0.569981886386223,0.5447993810235421,0.5594870439987062,12,20,gaussian
1000,1.2080536912751678,complex_gaussian,1.0,0.5713780599015861,0.5571028478033752,0.5493733372736527,7,20,gaussian
1000,1.2281879194630871,complex_gaussian,1.0,0.5573271841844386,0.5250064346701802,0.539668076409712,9,21,gaussian
1000,1.2483221476510067,complex_gaussian,1.0,0.5557405748145718,0.5287072062706235,0.5297275303667521,6,21,gaussian
1000,1.268456375838926,complex_gaussian,1.0,0.5569027388536195,0.5235362841242046,0.5195598696615824,7,21,gaussian
1000,1.2885906040268456,complex_gaussian,1.0,0.501455278143359,0.4997540018543473,0.5093820699011613,7,22,gaussian
1000,1.308724832214765,complex_gaussian,1.0,0.4811023081819503,0.503398788994351,0.4989639934651896,6,22,gaussian
1000,1.3288590604026844,complex_gaussian,1.0,0.43531628782398696,0.4603937867463257,0.48860458712933247,8,23,gaussian
1000,1.348993288590604,complex_gaussian,1.0,0.5182412502244519,0.5331787396077652,0.4782003866141202,5,24,gaussian
1000,1.3691275167785233,complex_gaussian,1.0,0.473485145801149,0.4591609281470593,0.4671583866637725,9,24,gaussian
1000,1.3892617449664428,complex_gaussian,1.0,0.44159706943485466,0.4500333544977653,0.4563936378245642,19,25,gaussian
1000,1.4093959731543624,complex_gaussian,1.0,0.5430497193469914,0.46961536080754257,0.44557162276645973,6,25,gaussian
1000,1.4295302013422817,complex_gaussian,1.0,0.3933228793251544,0.41134228237699644,0.4344758770907233,10,26,gaussian
1000,1.4496644295302012,complex_gaussian,1.0,0.46910735974182394,0.41908596313800783,0.42295927133490796,9,27,gaussian
1000,1.4697986577181208,complex_gaussian,1.0,0.48147826424066686,0.4152653111037188,0.41184372503759037,8,28,gaussian
1000,1.4899328859060401,complex_gaussian,1.0,0.4201421396219333,0.40645981510908047,0.40055252911255235,8,28,gaussian
1000,1.5100671140939597,complex_gaussian,1.0,0.37528658201296466,0.3934970248383616,0.3881181615269288,6,29,gaussian
1000,1.5302013422818792,complex_gaussian,1.0,0.38353131860115064,0.3760868704551106,0.3765065273014837,9,30,gaussian
1000,1.5503355704697985,complex_gaussian,1.0,0.34647627005327897,0.36614803208275815,0.3645331601064652,13,31,gaussian
1000,1.570469798657718,complex_gaussian,1.0,0.3621035418699879,0.35739012185571895,0.35245657249898377,8,32,gaussian
1000,1.5906040268456374,complex_gaussian,1.0,0.3262483288613185,0.3401820301187002,0.340300269257823,10,33,gaussian
1000,1.610738255033557,complex_gaussian,1.0,0.2740788728481679,0.3083883644788318,0.32766794023341606,12,35,gaussian
1000,1.6308724832214765,complex_gaussian,1.0,0.34594562074676266,0.31627544483430114,0.31517299036925406,9,36,gaussian
1000,1.6510067114093958,complex_gaussian,1.0,0.36460807838602305,0.33985789657401577,0.30183320964847893,11,37,gaussian
1000,1.6711409395973154,complex_gaussian,1.0,0.2625749963769953,0.26776965481292725,0.28886754196257247,16,39,gaussian
1000,1.6912751677852347,complex_gaussian,1.0,0.2806983486455364,0.27737325221524034,0.27527374620235223,13,41,gaussian
1000,1.7114093959731542,complex_gaussian,1.0,0.253536231129138,0.2660225793174591,0.2618793928093146,8,43,gaussian
1000,1.7315436241610738,complex_gaussian,1.0,0.2237630971063682,0.2440890559196398,0.24811363170020292,22,45,gaussian
1000,1.751677852348993,complex_gaussian,1.0,0.25156146964403914,0.2689100445989725,0.2340813523272434,9,47,gaussian
1000,1.7718120805369126,complex_gaussian,1.0,0.23536095531780768,0.22534003600123464,0.2196165536710867,11,50,gaussian
1000,1.7919463087248322,complex_gaussian,1.0,0.22397084042033824,0.22667881917160967,0.20515311129789526,9,53,gaussian
1000,1.8120805369127515,complex_gaussian,1.0,0.1796492315097816,0.1889098978643674,0.18937358227724022,15,57,gaussian
1000,1.832214765100671,complex_gaussian,1.0,0.19594577975417377,0.18278837570340645,0.17383461016744195,18,62,gaussian
1000,1.8523489932885906,complex_gaussian,1.0,0.14349089165647355,0.15218347290676915,0.1579767205850804,14,68,gaussian
1000,1.87248322147651,complex_gaussian,1.0,0.22552089168796402,0.19920969442302783,0.14154180558608553,10,75,gaussian
1000,1.8926174496644295,complex_gaussian,1.0,0.15948507873774917,0.15534641805245186,0.12475227482400376,15,84,gaussian
1000,1.9127516778523488,complex_gaussian,1.0,0.12881103016957304,0.13246955261447857,0.1069024150214627,14,96,gaussian
1000,1.9328859060402683,complex_gaussian,1.0,0.18304922704447563,0.17782078781892618,0.08822470704017438,10,115,gaussian
1000,1.9530201342281879,complex_gaussian,1.0,0.1158469344875389,0.10109057468667926,0.06742433561108718,18,146,gaussian
1000,1.9731543624161072,complex_gaussian,1.0,0.04229058691891351,0.04156406336517604,0.04544433356285138,47,209,gaussian
1000,1.9932885906040267,complex_gaussian,1.0,0.12371012070211691,0.12221075016442084,0.01989283748114945,10,250,gaussian
1000,2.013422818791946,complex_gaussian,1.0,0.05731176672031333,0.05614097476322699,0.0014604550494538016,20,250,gaussian
1000,2.033557046979866,complex_gaussian,1.0,0.005021285047333944,0.004492854711391714,2.9043167744657872e-05,88,242,gaussian
1000,2.053691275167785,complex_gaussian,1.0,0.06322165479643019,0.06060421938451144,1.7754074236542294e-05,14,169,gaussian
1000,2.0738255033557045,complex_gaussian,1.0,0.005206173522920182,1.285916749449445e-05,1.2248505000034271e-05,133,133,gaussian
1000,2.093959731543624,complex_gaussian,1.0,0.0009313557626535973,8.757529559977328e-06,9.1936172604834e-06,114,111,gaussian
1000,2.1140939597315436,complex_gaussian,1.0,0.03289503960910243,0.027821075785176896,7.498573153741362e-06,19,95,gaussian
1000,2.134228187919463,complex_gaussian,1.0,0.0025964524031132914,6.249082942333395e-06,6.383361860762271e-06,85,84,gaussian
1000,2.154362416107382,complex_gaussian,1.0,0.00028436987035720674,5.476956271399658e-06,5.24680109525999e-06,75,76,gaussian
1000,2.174496644295302,complex_gaussian,1.0,0.011400463116277251,3.964121609301152e-06,4.887221731308955e-06,72,69,gaussian
1000,2.1946308724832213,complex_gaussian,1.0,0.0011196943843294577,3.7206358957098122e-06,4.081784570009184e-06,63,64,gaussian
1000,2.2147651006711406,complex_gaussian,1.0,0.0063168285706469264,3.794830235714919e-06,3.3482040187049478e-06,59,60,gaussian
1000,2.2348993288590604,complex_gaussian,1.0,8.531379387245236e-05,3.2936281866291495e-06,3.1618413727230177e-06,56,56,gaussian
1000,2.2550335570469797,complex_gaussian,1.0,0.00010218747003668884,2.7046605944880397e-06,2.6260235613806415e-06,52,53,gaussian
1000,2.275167785234899,complex_gaussian,1.0,0.0020527885105448697,2.563674417865869e-06,2.519847586590629e-06,49,50,gaussian
1000,2.295302013422819,complex_gaussian,1.0,0.002009807903261106,2.1309309333750193e-06,2.0672535062660202e-06,48,48,gaussian
1000,2.315436241610738,complex_gaussian,1.0,0.002872578386407558,1.9453628593568695e-06,2.387518566071556e-06,46,45,gaussian
1000,2.3355704697986575,complex_gaussian,1.0,0.0007025040547002027,2.059169029955399e-06,1.7061057880907171e-06,43,44,gaussian
1000,2.3557046979865772,complex_gaussian,1.0,0.002928068708622581,1.8603817278917132e-06,1.7136761185643223e-06,42,42,gaussian
1000,2.3758389261744965,complex_gaussian,1.0,0.000892756066217761,1.8696684330743452e-06,1.834955610124922e-06,39,40,gaussian
1000,2.395973154362416,complex_gaussian,1.0,0.006363284751273792,1.3979713442413555e-06,1.5029843573044486e-06,39,39,gaussian
1000,2.4161073825503356,complex_gaussian,1.0,0.001132991698815787,1.4036526665428541e-06,1.2416449570729071e-06,38,38,gaussian
1000,2.436241610738255,complex_gaussian,1.0,0.00017613284800445465,1.5498896787091711e-06,1.5633487452371142e-06,36,36,gaussian
1000,2.4563758389261743,complex_gaussian,1.0,0.007257578585905818,1.0443140763261027e-06,1.4367181538910145e-06,36,35,gaussian
1000,2.4765100671140936,complex_gaussian,1.0,0.007168092029855785,1.0769981176883547e-06,1.3620341082765108e-06,35,34,gaussian
1000,2.4966442953020134,complex_gaussian,1.0,9.983137448498599e-05,1.1039859433292776e-06,1.3340145226248268e-06,33,33,gaussian
1000,2.5167785234899327,complex_gaussian,1.0,0.003937076916103729,8.929984892658284e-07,8.883439475138033e-07,33,33,gaussian
1000,2.536912751677852,complex_gaussian,1.0,0.0028911387174463945,8.420541341980226e-07,9.126219207011843e-07,32,32,gaussian
1000,2.557046979865772,complex_gaussian,1.0,0.0007729232419778061,9.476871757341243e-07,9.486464737085143e-07,31,31,gaussian
1000,2.577181208053691,complex_gaussian,1.0,0.0007272471149849356,7.101450582025493e-07,1.035181042885469e-06,31,30,gaussian
1000,2.5973154362416104,complex_gaussian,1.0,0.0171671588862308,8.114648083479282e-07,7.285111908172937e-07,30,30,gaussian
1000,2.61744966442953,complex_gaussian,1.0,0.005330191481903793,8.149141415003669e-07,8.315349896426127e-07,29,29,gaussian
1000,2.6375838926174495,complex_gaussian,1.0,0.00251219827447922,6.884377269367192e-07,5.966844844884633e-07,29,29,gaussian
1000,2.657718120805369,complex_gaussian,1.0,0.0004388589762551154,6.463375948895234e-07,7.116296310005765e-07,28,28,gaussian
1000,2.6778523489932886,complex_gaussian,1.0,0.004088548618648861,5.97564884352586e-07,8.719171732396447e-07,28,27,gaussian
1000,2.697986577181208,complex_gaussian,1.0,0.0037146376583036007,6.525767992648923e-07,6.470619505760666e-07,27,27,gaussian
1000,2.7181208053691273,complex_gaussian,1.0,0.0007795486946403085,7.143569994427779e-07,4.7422010218678423e-07,26,27,gaussian
1000,2.7382550335570466,complex_gaussian,1.0,0.00220774137078327,5.815683385979042e-07,6.148389128934895e-07,26,26,gaussian
1000,2.7583892617449663,complex_gaussian,1.0,0.0006252960141607901,5.272569790770731e-07,4.65386748804697e-07,26,26,gaussian
1000,2.7785234899328857,complex_gaussian,1.0,0.013901782946038962,6.128327493248875e-07,6.279316838719851e-07,25,25,gaussian
1000,2.798657718120805,complex_gaussian,1.0,0.010212164913699119,4.907544641774564e-07,4.832000211063558e-07,25,25,gaussian
1000,2.8187919463087248,complex_gaussian,1.0,0.0020588848188337855,3.8708234750828296e-07,3.727209909598628e-07,25,25,gaussian
1000,2.838926174496644,complex_gaussian,1.0,0.00895300054135483,5.132904919991077e-07,5.299694876281791e-07,24,24,gaussian
1000,2.8590604026845634,complex_gaussian,1.0,0.001725926410548351,4.635009970277438e-07,4.103125206267322e-07,24,24,gaussian
1000,2.879194630872483,complex_gaussian,1.0,0.0019186148894624858,5.853188790316821e-07,6.053754850743331e-07,23,23,gaussian
1000,2.8993288590604025,complex_gaussian,1.0,0.0038423659095141024,4.336209794564283e-07,4.816098755355824e-07,23,23,gaussian
1000,2.919463087248322,complex_gaussian,1.0,0.0007213011299648984,3.82574827040294e-07,3.838544087031437e-07,23,23,gaussian
1000,2.9395973154362416,complex_gaussian,1.0,0.0010347905549204259,4.972887672760606e-07,3.067470761841662e-07,22,23,gaussian
1000,2.959731543624161,complex_gaussian,1.0,0.008496084174406747,4.797331556449791e-07,4.808808555800681e-07,22,22,gaussian
1000,2.9798657718120802,complex_gaussian,1.0,0.0003132124608324351,3.438132730737564e-07,3.8975533589447053e-07,22,22,gaussian
1000,3.0,complex_gaussian,1.0,0.0036675924864684453,3.362043284882432e-07,3.130619538049828e-07,22,22,gaussian
1000,0.020134228187919462,complex_gaussian,2.0,1.0417189089639414,0.9912734418625259,0.9919316038690761,6,4,gaussian
1000,0.040268456375838924,complex_gaussian,2.0,1.0103716294640201,0.982762120140674,0.9838429208910623,2,5,gaussian
1000,0.060402684563758385,complex_gaussian,2.0,1.008513350676,0.9743374345768956,0.9757195010921688,2,5,gaussian
1000,0.08053691275167785,complex_gaussian,2.0,1.0199912588938853,0.9710335457396495,0.9675691615380824,2,5,gaussian
1000,0.10067114093959731,complex_gaussian,2.0,0.9912288833986377,0.9619567845561123,0.9593991895462561,2,6,gaussian
1000,0.12080536912751677,complex_gaussian,2.0,0.9671486681529875,0.9464647590008588,0.9511952947936928,4,6,gaussian
1000,0.14093959731543623,complex_gaussian,2.0,0.9766551804869548,0.949629541703687,0.9429718728713494,3,6,gaussian
1000,0.1610738255033557,complex_gaussian,2.0,0.9738427146587694,0.9388244545522261,0.9343028758710945,2,6,gaussian
1000,0.18120805369127516,complex_gaussian,2.0,0.9354167282801695,0.922752989680783,0.926012000324666,2,7,gaussian
1000,0.20134228187919462,complex_gaussian,2.0,0.8728001333474824,0.9107008553368232,0.9177094886339028,3,7,gaussian
1000,0.22147651006711408,complex_gaussian,2.0,0.9540910048139244,0.9107676155812847,0.9093467608760651,2,7,gaussian
1000,0.24161073825503354,complex_gaussian,2.0,0.9221489884601437,0.9018750326785168,0.9009963924784694,7,7,gaussian
1000,0.261744966442953,complex_gaussian,2.0,0.93407670314818,0.9042549959273961,0.8926133891809123,2,7,gaussian
1000,0.28187919463087246,complex_gaussian,2.0,0.9131261340418002,0.883077860704177,0.8842010553640799,2,7,gaussian
1000,0.30201342281879195,complex_gaussian,2.0,0.9506327930905634,0.8757838319255986,0.8753149395740014,3,8,gaussian
1000,0.3221476510067114,complex_gaussian,2.0,0.8433844563171067,0.870248528415192,0.8668199096256695,5,8,gaussian
1000,0.3422818791946308,complex_gaussian,2.0,0.8902939114231738,0.8561260921455,0.858330816230695,3,8,gaussian
1000,0.3624161073825503,complex_gaussian,2.0,0.8043086161432357,0.8474534900260284,0.849729583207024,2,8,gaussian
1000,0.3825503355704698,complex_gaussian,2.0,0.8662331328401975,0.8401418332766887,0.8412384889763704,5,8,gaussian
1000,0.40268456375838924,complex_gaussian,2.0,0.8352603245703045,0.817560387548486,0.8325985817868103,3,9,gaussian
1000,0.42281879194630867,complex_gaussian,2.0,0.7680674488252871,0.8311112719245671,0.8240033698403242,4,9,gaussian
1000,0.44295302013422816,complex_gaussian,2.0,0.798230663884081,0.8196768839707507,0.8153375522618045,5,9,gaussian
1000,0.46308724832214765,complex_gaussian,2.0,0.7711502329025194,0.8118156036043345,0.8061708952711527,4,9,gaussian
1000,0.4832214765100671,complex_gaussian,2.0,0.7875751657015796,0.7927402494722069,0.7974739429429524,7,9,gaussian
1000,0.5033557046979865,complex_gaussian,2.0,0.8062653075482638,0.7825455105499943,0.7887061179026856,7,9,gaussian
1000,0.523489932885906,complex_gaussian,2.0,0.8127404253765057,0.7749599570634218,0.7799075748830183,5,10,gaussian
1000,0.5436241610738255,complex_gaussian,2.0,0.7163344813589638,0.7686883682820863,0.7711092117771888,4,10,gaussian
1000,0.5637583892617449,complex_gaussian,2.0,0.7432763141015492,0.7644776094850187,0.7622542469714944,11,10,gaussian
1000,0.5838926174496644,complex_gaussian,2.0,0.7553073144830451,0.7633818813570021,0.7533547308047088,5,10,gaussian
1000,0.6040268456375839,complex_gaussian,2.0,0.7547777667630614,0.7371305175383785,0.7440209678385792,5,10,gaussian
1000,0.6241610738255033,complex_gaussian,2.0,0.7470466291655615,0.7286364438713953,0.735072843292579,8,11,gaussian
1000,0.6442953020134228,complex_gaussian,2.0,0.7166222387793585,0.7201601663740896,0.7260742393884645,4,11,gaussian
1000,0.6644295302013422,complex_gaussian,2.0,0.7392217572477942,0.7251012936165193,0.7170967780287614,4,11,gaussian
1000,0.6845637583892616,complex_gaussian,2.0,0.692476584963006,0.7146774303700147,0.7080599747660852,5,11,gaussian
1000,0.7046979865771812,complex_gaussian,2.0,0.6714282984818769,0.6968029573462677,0.6990019997692116,10,11,gaussian
1000,0.7248322147651006,complex_gaussian,2.0,0.6807499736985083,0.684632713465867,0.6898795898949239,7,11,gaussian
1000,0.7449664429530201,complex_gaussian,2.0,0.6949105927468786,0.6913216792278141,0.6806935985811479,5,12,gaussian
1000,0.7651006711409396,complex_gaussian,2.0,0.6313055046685006,0.6644755345520139,0.671087532316177,11,12,gaussian
1000,0.785234899328859,complex_gaussian,2.0,0.6481560311038981,0.6526922599513427,0.6618116384688453,6,12,gaussian
1000,0.8053691275167785,complex_gaussian,2.0,0.6199894407688649,0.6541800501637672,0.6525342046725616,5,12,gaussian
1000,0.8255033557046979,complex_gaussian,2.0,0.6466065912775144,0.6417658858145788,0.6432360180531099,6,13,gaussian
1000,0.8456375838926173,complex_gaussian,2.0,0.6109420150292585,0.6296399559281816,0.633971596477601,10,13,gaussian
1000,0.8657718120805369,complex_gaussian,2.0,0.6295643614585623,0.6258392524727526,0.624595717595288,5,13,gaussian
1000,0.8859060402684563,complex_gaussian,2.0,0.6073151393816326,0.6109511062093943,0.6152028411707363,13,13,gaussian
1000,0.9060402684563758,complex_gaussian,2.0,0.611988070618464,0.5957628972585087,0.6053338820063245,8,14,gaussian
1000,0.9261744966442953,complex_gaussian,2.0,0.6067488988932561,0.5980569153053092,0.5957696681012865,5,14,gaussian
1000,0.9463087248322147,complex_gaussian,2.0,0.5779268878183184,0.5866650898542907,0.5862669617379072,8,14,gaussian
1000,0.9664429530201342,complex_gaussian,2.0,0.5828742604446133,0.5715649606830109,0.5767493114547294,17,14,gaussian
1000,0.9865771812080536,complex_gaussian,2.0,0.5446431074379172,0.5895870285247582,0.5670521580002519,5,15,gaussian
1000,1.006711409395973,complex_gaussian,2.0,0.624651358571826,0.5692659229382455,0.5574413108381131,12,15,gaussian
1000,1.0268456375838926,complex_gaussian,2.0,0.550956387155406,0.5311948601334611,0.5479076112143465,7,15,gaussian
1000,1.046979865771812,complex_gaussian,2.0,0.542823311164259,0.5408686718955527,0.5380528042381142,8,15,gaussian
1000,1.0671140939597314,complex_gaussian,2.0,0.5315375687422862,0.5277535633536603,0.5277888806037561,5,16,gaussian
1000,1.087248322147651,complex_gaussian,2.0,0.5185388875691103,0.5233475547268134,0.5181046837169787,9,16,gaussian
1000,1.1073825503355703,complex_gaussian,2.0,0.5333065577161331,0.4993212788734348,0.5082281148065939,10,16,gaussian
1000,1.1275167785234899,complex_gaussian,2.0,0.48929295841500015,0.48944137353885614,0.49836346354011885,9,17,gaussian
1000,1.1476510067114094,complex_gaussian,2.0,0.5168392301610721,0.4875619767970263,0.4883540666038723,10,17,gaussian
1000,1.1677852348993287,complex_gaussian,2.0,0.45075565860924877,0.47523057468116303,0.47842479424670553,14,17,gaussian
1000,1.1879194630872483,complex_gaussian,2.0,0.46076292719572987,0.47200257758482256,0.46845765850770454,26,18,gaussian
1000,1.2080536912751678,complex_gaussian,2.0,0.4250534099765732,0.45185335139274635,0.4577849975860081,13,18,gaussian
1000,1.2281879194630871,complex_gaussian,2.0,0.4606805414495038,0.42816158526938436,0.4477335930296338,14,19,gaussian
1000,1.2483221476510067,complex_gaussian,2.0,0.43373984637406376,0.4329385003516367,0.4374710098946518,17,19,gaussian
1000,1.268456375838926,complex_gaussian,2.0,0.4330498289579894,0.4230454876284331,0.4272576914254709,8,20,gaussian
1000,1.2885906040268456,complex_gaussian,2.0,0.40516616205772643,0.4149506327709137,0.41702344420484055,13,20,gaussian
1000,1.308724832214765,complex_gaussian,2.0,0.371606484206066,0.4063242562787118,0.4067781062362608,12,20,gaussian
1000,1.3288590604026844,complex_gaussian,2.0,0.3850447946860545,0.38570515690271234,0.3963949287019363,10,21,gaussian
1000,1.348993288590604,complex_gaussian,2.0,0.38181985309848826,0.39488268679958904,0.3859128072230977,11,22,gaussian
1000,1.3691275167785233,complex_gaussian,2.0,0.3936473303973866,0.37838388800292067,0.3749648674579513,15,22,gaussian
1000,1.3892617449664428,complex_gaussian,2.0,0.3421016157547453,0.37472416287224264,0.3645249330516803,9,23,gaussian
1000,1.4093959731543624,complex_gaussian,2.0,0.3474994726450648,0.3498411273022338,0.3539540285645403,13,23,gaussian
1000,1.4295302013422817,complex_gaussian,2.0,0.34528509284475195,0.35183370568543215,0.34332195785369846,11,24,gaussian
1000,1.4496644295302012,complex_gaussian,2.0,0.3301126668089857,0.32213348071783166,0.3325194380084314,21,25,gaussian
1000,1.4697986577181208,complex_gaussian,2.0,0.307210397538488,0.3278076685348563,0.3217918419330731,13,25,gaussian
1000,1.4899328859060401,complex_gaussian,2.0,0.3264113470950011,0.30891948333946917,0.31101667397692223,13,26,gaussian
1000,1.5100671140939597,complex_gaussian,2.0,0.30609627863145933,0.3038019433642549,0.2996587830168973,10,27,gaussian
1000,1.5302013422818792,complex_gaussian,2.0,0.30754580061199754,0.2922211674601358,0.28867265946411336,24,28,gaussian
1000,1.5503355704697985,complex_gaussian,2.0,0.2834090354642339,0.29357741024193185,0.27767167992020914,20,29,gaussian
1000,1.570469798657718,complex_gaussian,2.0,0.25128935893437265,0.2675381972474754,0.2665978394288707,22,30,gaussian
1000,1.5906040268456374,complex_gaussian,2.0,0.2405602773943852,0.2459394748869127,0.2553300256151688,27,31,gaussian
1000,1.610738255033557,complex_gaussian,2.0,0.22406206312749385,0.23963284065870838,0.24415821347001265,17,32,gaussian
1000,1.6308724832214765,complex_gaussian,2.0,0.23531459989199913,0.23801845846849753,0.2328551621448921,15,34,gaussian
1000,1.6510067114093958,complex_gaussian,2.0,0.2292004833399251,0.23059958709086958,0.22101122893917202,14,35,gaussian
1000,1.6711409395973154,complex_gaussian,2.0,0.21030724222369554,0.20916413762896793,0.2095756596712729,22,37,gaussian
1000,1.6912751677852347,complex_gaussian,2.0,0.17852657658223972,0.19628879472404126,0.19792229796187366,23,39,gaussian
1000,1.7114093959731542,complex_gaussian,2.0,0.19034959080582634,0.19425615937547192,0.18635124451175744,24,41,gaussian
1000,1.7315436241610738,complex_gaussian,2.0,0.15654513600587838,0.1709751157327285,0.1746360230757077,19,43,gaussian
1000,1.751677852348993,complex_gaussian,2.0,0.17403411248465134,0.16025355574470002,0.1627037267257524,23,45,gaussian
1000,1.7718120805369126,complex_gaussian,2.0,0.17508720998116045,0.15076791203538475,0.15084551886962783,21,48,gaussian
1000,1.7919463087248322,complex_gaussian,2.0,0.13167548395437792,0.1398839156668258,0.13880297898234706,19,52,gaussian
1000,1.8120805369127515,complex_gaussian,2.0,0.11247124286673726,0.13101529293143843,0.12597972356114773,21,56,gaussian
1000,1.832214765100671,complex_gaussian,2.0,0.13750590646809208,0.10341352324476427,0.11365753209026232,28,61,gaussian
1000,1.8523489932885906,complex_gaussian,2.0,0.10047418487789551,0.10354008873461519,0.10123882231101479,30,67,gaussian
1000,1.87248322147651,complex_gaussian,2.0,0.09970288325744463,0.09015172874412225,0.08858895936647748,37,75,gaussian
1000,1.8926174496644295,complex_gaussian,2.0,0.11449331929315298,0.08117292239880602,0.07584973531823869,23,85,gaussian
1000,1.9127516778523488,complex_gaussian,2.0,0.06458928947959737,0.06474293113402774,0.06281771858669682,74,98,gaussian
1000,1.9328859060402683,complex_gaussian,2.0,0.03695495987942907,0.04120147196226143,0.049534619770213784,81,118,gaussian
1000,1.9530201342281879,complex_gaussian,2.0,0.034904884122874874,0.041377310330429684,0.035222923236659986,74,154,gaussian
1000,1.9731543624161072,complex_gaussian,2.0,0.039042300428500015,0.03345361972052885,0.02116387453329227,42,226,gaussian
1000,1.9932885906040267,complex_gaussian,2.0,0.0038025666846973204,0.00635571334048568,0.007127374885659509,222,250,gaussian
1000,2.013422818791946,complex_gaussian,2.0,0.001125578855714646,0.0004994430375298009,0.00046579581040262497,250,250,gaussian
1000,2.033557046979866,complex_gaussian,2.0,0.0002482214759755203,2.8624545356459308e-05,2.890618534179268e-05,212,212,gaussian
1000,2.053691275167785,complex_gaussian,2.0,1.6532382110900362e-05,1.7486409498168598e-05,1.7540227765899807e-05,157,152,gaussian
1000,2.0738255033557045,complex_gaussian,2.0,0.0003265795712666337,1.2577527276125267e-05,1.2275328011956965e-05,120,121,gaussian
1000,2.093959731543624,complex_gaussian,2.0,0.0026015158555269965,9.052459009395442e-06,9.06474002093649e-06,104,102,gaussian
1000,2.1140939597315436,complex_gaussian,2.0,0.00030151173275632564,7.565445821811068e-06,7.23211598852025e-06,87,88,gaussian
1000,2.134228187919463,complex_gaussian,2.0,0.0006174745274005348,6.110016615545888e-06,6.243315781695458e-06,77,78,gaussian
1000,2.154362416107382,complex_gaussian,2.0,0.0002466223383039665,5.109713998807663e-06,4.995843991828508e-06,71,71,gaussian
1000,2.174496644295302,complex_gaussian,2.0,0.00033612575170679495,4.7425318785432324e-06,4.357692721446149e-06,64,65,gaussian
1000,2.1946308724832213,complex_gaussian,2.0,0.0030762824555348833,3.6641468316167543e-06,3.926182653435362e-06,61,60,gaussian
1000,2.2147651006711406,complex_gaussian,2.0,0.0007342382133035914,3.844727658797176e-06,3.462942440357608e-06,55,56,gaussian
1000,2.2348993288590604,complex_gaussian,2.0,0.00040633341222244735,2.9553085604261398e-06,2.8417454396301167e-06,53,53,gaussian
1000,2.2550335570469797,complex_gaussian,2.0,0.0004508062899419629,2.5737678941428754e-06,2.4948077983477646e-06,50,50,gaussian
1000,2.275167785234899,complex_gaussian,2.0,4.188979769406449e-05,2.3078817810162633e-06,2.519792994704062e-06,48,47,gaussian
1000,2.295302013422819,complex_gaussian,2.0,0.0003724098379512051,2.612184833994391e-06,2.173965011897927e-06,44,45,gaussian
1000,2.315436241610738,complex_gaussian,2.0,0.0014878600647467404,1.9907045525346945e-06,2.0039123346249355e-06,43,43,gaussian
1000,2.3355704697986575,complex_gaussian,2.0,0.00014757349212682008,1.9038700432849607e-06,1.9760134739588153e-06,41,41,gaussian
1000,2.3557046979865772,complex_gaussian,2.0,0.0011624476541276978,1.662324680129501e-06,2.0788110517422353e-06,40,39,gaussian
1000,2.3758389261744965,complex_gaussian,2.0,5.8546063866486974e-05,1.7540955163930505e-06,1.696941927975537e-06,38,38,gaussian
1000,2.395973154362416,complex_gaussian,2.0,0.00027016179866410186,1.416848770197099e-06,1.43331840785077e-06,37,37,gaussian
1000,2.4161073825503356,complex_gaussian,2.0,0.000951707030580856,1.244102249331469e-06,1.2222528655847498e-06,36,36,gaussian
1000,2.436241610738255,complex_gaussian,2.0,0.00017179876267827676,1.5712485141872179e-06,1.5842410777677782e-06,34,34,gaussian
1000,2.4563758389261743,complex_gaussian,2.0,0.00014022229180463635,1.4888793417044965e-06,1.4992954052717167e-06,33,33,gaussian
1000,2.4765100671140936,complex_gaussian,2.0,0.0016227371891555558,1.3889036978298464e-06,9.918259795682616e-07,32,33,gaussian
1000,2.4966442953020134,complex_gaussian,2.0,0.00045036538235460603,9.1887820985459e-07,9.851063049737263e-07,32,32,gaussian
1000,2.5167785234899327,complex_gaussian,2.0,0.0001713141024903088,1.0235981633410773e-06,1.0094055614695563e-06,31,31,gaussian
1000,2.536912751677852,complex_gaussian,2.0,0.0026905773444052417,1.0013921077911547e-06,1.0659256316492005e-06,30,30,gaussian
1000,2.557046979865772,complex_gaussian,2.0,0.0003067979850374476,1.103460289586522e-06,1.1406302915517585e-06,29,29,gaussian
1000,2.577181208053691,complex_gaussian,2.0,0.0013574164256900762,8.336075827397593e-07,8.1057332124157e-07,29,29,gaussian
1000,2.5973154362416104,complex_gaussian,2.0,0.003691919571747583,9.277457103662455e-07,9.228702957386758e-07,28,28,gaussian
1000,2.61744966442953,complex_gaussian,2.0,0.0012304545441109626,6.788333943852365e-07,6.685746143375582e-07,28,28,gaussian
1000,2.6375838926174495,complex_gaussian,2.0,0.0005878170784278117,8.251617996668513e-07,7.958745613656504e-07,27,27,gaussian
1000,2.657718120805369,complex_gaussian,2.0,3.217995573583512e-05,5.978927636318687e-07,5.870585902956194e-07,27,27,gaussian
1000,2.6778523489932886,complex_gaussian,2.0,0.0018317114821427406,7.525646608108616e-07,7.286718991528218e-07,26,26,gaussian
1000,2.697986577181208,complex_gaussian,2.0,0.00016673566620775085,6.011551089146749e-07,5.476114081082173e-07,26,26,gaussian
1000,2.7181208053691273,complex_gaussian,2.0,0.0038246271606040307,7.671435688916262e-07,6.98577042990145e-07,25,25,gaussian
1000,2.7382550335570466,complex_gaussian,2.0,0.0022727768596220825,5.575507279198533e-07,5.341046521722959e-07,25,25,gaussian
1000,2.7583892617449663,complex_gaussian,2.0,0.0001178567501498872,6.99631310774329e-07,7.196065587855571e-07,24,24,gaussian
1000,2.7785234899328857,complex_gaussian,2.0,0.0004881152430311023,5.453499807295259e-07,5.589962429608519e-07,24,24,gaussian
1000,2.798657718120805,complex_gaussian,2.0,0.003654959641785159,4.408147370460469e-07,4.353669238454927e-07,24,24,gaussian
1000,2.8187919463087248,complex_gaussian,2.0,0.001145320146960537,6.053179684162302e-07,6.175648634698661e-07,23,23,gaussian
1000,2.838926174496644,complex_gaussian,2.0,0.0062025001296288785,5.062354471174757e-07,4.886060307462969e-07,23,23,gaussian
1000,2.8590604026845634,complex_gaussian,2.0,0.0020091875916402983,3.608190043413728e-07,3.827002057477103e-07,23,23,gaussian
1000,2.879194630872483,complex_gaussian,2.0,0.0014338723060451578,3.2703684549328926e-07,5.712035743288268e-07,23,22,gaussian
1000,2.8993288590604025,complex_gaussian,2.0,0.00044508018123610017,4.4186171010984765e-07,4.5963774508717137e-07,22,22,gaussian
1000,2.919463087248322,complex_gaussian,2.0,0.00026205568299761937,3.794408739432598e-07,3.7034709698957613e-07,22,22,gaussian
1000,2.9395973154362416,complex_gaussian,2.0,0.0005260948539353847,2.878694783658986e-07,2.9941811507949723e-07,22,22,gaussian
1000,2.959731543624161,complex_gaussian,2.0,0.0020641338400712436,4.803421707055833e-07,4.743441862631315e-07,21,21,gaussian
1000,2.9798657718120802,complex_gaussian,2.0,0.003526868012804832,3.899528240314254e-07,3.88763953251825e-07,21,21,gaussian
1000,3.0,complex_gaussian,2.0,0.0010726583479417104,3.163082523682803e-07,3.1568522584901615e-07,21,21,gaussian
